-- phpMyAdmin SQL Dump
-- version 4.6.6deb5
-- https://www.phpmyadmin.net/
--
-- Host: localhost:3306
-- Generation Time: May 26, 2020 at 05:14 AM
-- Server version: 5.7.29-0ubuntu0.18.04.1
-- PHP Version: 7.4.3

SET SQL_MODE = "NO_AUTO_VALUE_ON_ZERO";
SET time_zone = "+00:00";


/*!40101 SET @OLD_CHARACTER_SET_CLIENT=@@CHARACTER_SET_CLIENT */;
/*!40101 SET @OLD_CHARACTER_SET_RESULTS=@@CHARACTER_SET_RESULTS */;
/*!40101 SET @OLD_COLLATION_CONNECTION=@@COLLATION_CONNECTION */;
/*!40101 SET NAMES utf8mb4 */;

--
-- Database: `clinic`
--

-- --------------------------------------------------------

--
-- Table structure for table `announcements`
--

CREATE TABLE `announcements` (
  `id` int(10) UNSIGNED NOT NULL,
  `description` text COLLATE utf8mb4_unicode_ci,
  `target_type` varchar(100) COLLATE utf8mb4_unicode_ci DEFAULT 'all',
  `created_at` timestamp NULL DEFAULT NULL,
  `updated_at` timestamp NULL DEFAULT NULL
) ENGINE=InnoDB DEFAULT CHARSET=utf8mb4 COLLATE=utf8mb4_unicode_ci;

--
-- Dumping data for table `announcements`
--

INSERT INTO `announcements` (`id`, `description`, `target_type`, `created_at`, `updated_at`) VALUES
(1, 'Some announcement', 'All', '2020-02-20 13:54:15', '2020-02-20 13:54:15'),
(2, 'All announceme 7', 'Select', '2020-02-20 13:55:49', '2020-02-20 14:15:44'),
(5, 'All should know that there will be a good activity', 'All', '2020-02-21 06:12:06', '2020-02-23 12:05:55'),
(6, 'Meeting at 3pm', 'Select', '2020-02-23 10:57:28', '2020-02-23 10:57:28'),
(7, 'This one is for all the good employees out there', 'Select', '2020-02-23 12:06:53', '2020-03-09 12:46:24'),
(8, 'meeting at 12pm tomorrow', 'Select', '2020-03-12 14:09:28', '2020-03-12 14:09:28'),
(9, 'sdfgdfgsdfg', 'Select', '2020-03-12 15:39:03', '2020-03-12 15:39:03');

-- --------------------------------------------------------

--
-- Table structure for table `announcement_targets`
--

CREATE TABLE `announcement_targets` (
  `id` int(10) UNSIGNED NOT NULL,
  `user_id` int(11) DEFAULT NULL,
  `announcement_id` int(11) DEFAULT NULL,
  `status` varchar(191) COLLATE utf8mb4_unicode_ci DEFAULT 'created',
  `created_at` timestamp NULL DEFAULT NULL,
  `updated_at` timestamp NULL DEFAULT NULL
) ENGINE=InnoDB DEFAULT CHARSET=utf8mb4 COLLATE=utf8mb4_unicode_ci;

--
-- Dumping data for table `announcement_targets`
--

INSERT INTO `announcement_targets` (`id`, `user_id`, `announcement_id`, `status`, `created_at`, `updated_at`) VALUES
(1, 2, 2, 'seen', NULL, '2020-03-25 05:31:45'),
(3, 5, 2, 'created', NULL, NULL),
(4, 3, 4, 'created', NULL, NULL),
(5, 5, 4, 'created', NULL, NULL),
(6, 7, 4, 'created', NULL, NULL),
(7, 2, 5, 'seen', NULL, '2020-03-25 05:31:45'),
(8, 3, 6, 'created', NULL, NULL),
(9, 5, 6, 'created', NULL, NULL),
(10, 7, 6, 'created', NULL, NULL),
(11, 2, 6, 'seen', NULL, '2020-03-25 05:31:45'),
(12, 3, 5, 'created', NULL, NULL),
(13, 4, 5, 'seen', NULL, '2020-03-12 15:40:01'),
(14, 5, 5, 'created', NULL, NULL),
(15, 6, 5, 'seen', NULL, '2020-03-10 05:01:12'),
(16, 7, 5, 'created', NULL, NULL),
(21, 6, 7, 'seen', NULL, '2020-03-10 05:01:12'),
(22, 6, 8, 'created', NULL, NULL),
(23, 2, 9, 'seen', NULL, '2020-03-25 05:31:45'),
(24, 5, 9, 'created', NULL, NULL),
(25, 6, 9, 'created', NULL, NULL);

-- --------------------------------------------------------

--
-- Table structure for table `appointments`
--

CREATE TABLE `appointments` (
  `appointment_id` int(10) UNSIGNED NOT NULL,
  `doc_id` varchar(191) COLLATE utf8mb4_unicode_ci NOT NULL,
  `appointment_date` datetime NOT NULL,
  `patient_reg_no` varchar(191) COLLATE utf8mb4_unicode_ci DEFAULT NULL,
  `service_id` varchar(191) COLLATE utf8mb4_unicode_ci NOT NULL,
  `name` varchar(191) COLLATE utf8mb4_unicode_ci NOT NULL,
  `room_no` varchar(191) COLLATE utf8mb4_unicode_ci NOT NULL,
  `billing_id` varchar(191) COLLATE utf8mb4_unicode_ci NOT NULL,
  `paid` tinyint(1) NOT NULL DEFAULT '0',
  `status` varchar(191) COLLATE utf8mb4_unicode_ci NOT NULL,
  `checkin` varchar(191) COLLATE utf8mb4_unicode_ci NOT NULL,
  `report_time` datetime DEFAULT NULL,
  `created_at` timestamp NULL DEFAULT NULL,
  `updated_at` timestamp NULL DEFAULT NULL
) ENGINE=MyISAM DEFAULT CHARSET=utf8mb4 COLLATE=utf8mb4_unicode_ci;

-- --------------------------------------------------------

--
-- Table structure for table `appointment_letters`
--

CREATE TABLE `appointment_letters` (
  `id` int(10) UNSIGNED NOT NULL,
  `content` longtext COLLATE utf8mb4_unicode_ci,
  `created_at` timestamp NULL DEFAULT NULL,
  `updated_at` timestamp NULL DEFAULT NULL
) ENGINE=InnoDB DEFAULT CHARSET=utf8mb4 COLLATE=utf8mb4_unicode_ci;

--
-- Dumping data for table `appointment_letters`
--

INSERT INTO `appointment_letters` (`id`, `content`, `created_at`, `updated_at`) VALUES
(1, '<p>Dear **name**,</p><p>&nbsp;</p><p>lorem ipsum is simply dummy text of the printing and typesetting industry &nbsp;**name**, lorem ipsum has been the industry\'s standard dummy text ever since the 1500s, when an unknown printer took a galley of type and scrambled it to make a type specimen book. it has survived not only five centuries, but also the leap into electronic typesetting, remaining essentially unchanged. it was popularised in the 1960s with the release of letraset sheets containing lorem ipsum passages, and more recently with desktop publishing software like aldus pagemaker **name**, including versions of lorem ipsum. why do we use it? it is a long established fact that a reader will be distracted by the readable content of a page when looking at its layout. the point of using lorem ipsum is that it has a more-or-less normal distribution of letters, as opposed to using \'content here, content here\', making it look like readable english. many desktop publishing packages and web page editors now use lorem ipsum as their default model text, and a search for \'lorem ipsum\' will uncover many web sites still in their infancy. various versions have evolved over the years, sometimes by accident, sometimes on purpose (injected humour and the like).&nbsp;</p><p>&nbsp;</p><p>Regards,</p><p>John Peter</p>', '2020-02-25 13:09:10', '2020-03-12 15:50:07');

-- --------------------------------------------------------

--
-- Table structure for table `billings`
--

CREATE TABLE `billings` (
  `id` int(10) UNSIGNED NOT NULL,
  `patient_registration_no` varchar(191) COLLATE utf8mb4_unicode_ci NOT NULL,
  `visit_no` int(11) NOT NULL,
  `service_cost` varchar(191) COLLATE utf8mb4_unicode_ci NOT NULL,
  `amount_due` varchar(191) COLLATE utf8mb4_unicode_ci NOT NULL,
  `transaction_type` varchar(191) COLLATE utf8mb4_unicode_ci NOT NULL,
  `discount` varchar(191) COLLATE utf8mb4_unicode_ci NOT NULL,
  `created_at` timestamp NULL DEFAULT NULL,
  `updated_at` timestamp NULL DEFAULT NULL,
  `status` varchar(191) COLLATE utf8mb4_unicode_ci DEFAULT 'not_paid'
) ENGINE=MyISAM DEFAULT CHARSET=utf8mb4 COLLATE=utf8mb4_unicode_ci;

--
-- Dumping data for table `billings`
--

INSERT INTO `billings` (`id`, `patient_registration_no`, `visit_no`, `service_cost`, `amount_due`, `transaction_type`, `discount`, `created_at`, `updated_at`, `status`) VALUES
(1, '1', 1, '2002', '0', 'reception', '0', '2019-02-08 09:19:14', '2019-02-08 09:19:14', 'not_paid'),
(2, '1', 1, '239,087', '0', 'laboratory', '0', '2019-02-08 09:25:18', '2019-02-08 09:25:18', 'paid'),
(3, '2', 1, '11002', '0', 'reception', '0', '2019-02-08 11:21:12', '2019-02-08 11:21:12', 'not_paid'),
(4, '3', 1, '11002', '0', 'reception', '0', '2019-02-08 12:49:47', '2019-02-08 12:49:47', 'not_paid'),
(5, '4', 1, '11002', '0', 'reception', '0', '2019-02-11 09:51:02', '2019-02-11 09:51:02', 'not_paid'),
(6, '5', 1, '11002', '0', 'reception', '0', '2019-02-11 09:51:32', '2019-02-11 09:51:32', 'not_paid'),
(7, '3', 2, '11002', '0', 'reception', '0', '2019-02-14 13:28:20', '2019-02-14 13:28:20', 'not_paid'),
(8, '4', 2, '11002', '0', 'reception', '0', '2019-02-15 07:25:10', '2019-02-15 07:25:10', 'not_paid'),
(9, '4', 2, '2,320', '0', 'laboratory', '0', '2019-02-15 08:04:11', '2019-02-15 08:04:11', 'paid'),
(10, '4', 2, '8,978', '0', 'pharmacy', '0', '2019-02-15 08:04:50', '2019-02-15 08:04:50', 'not_paid'),
(11, '4', 2, '4,643', '0', 'laboratory', '0', '2019-02-15 12:21:54', '2019-02-15 12:21:54', 'paid'),
(12, '4', 2, '21,632', '0', 'pharmacy', '0', '2019-02-15 12:22:18', '2019-02-15 12:22:18', 'not_paid'),
(13, '1', 2, '11002', '0', 'reception', '0', '2019-02-15 13:40:47', '2019-02-15 13:40:47', 'not_paid'),
(14, '4', 2, '5,664', '0', 'pharmacy', '0', '2019-02-15 13:44:05', '2019-02-15 13:44:05', 'not_paid'),
(15, '4', 2, '2,323', '0', 'laboratory', '0', '2019-02-15 13:44:20', '2019-02-15 13:44:20', 'paid'),
(16, '4', 2, '234,444', '0', 'laboratory', '0', '2019-02-15 13:44:30', '2019-02-15 13:44:30', 'paid'),
(17, '4', 2, '5,323', '1323', 'pharmacy', '0', '2019-02-15 13:44:44', '2019-02-15 13:44:44', 'not_paid'),
(18, '4', 2, '2,323', '0', 'laboratory', '0', '2019-02-15 13:44:53', '2019-02-15 13:44:53', 'paid'),
(19, '3', 3, '11002', '0', 'reception', '0', '2019-02-18 11:25:10', '2019-02-18 11:25:10', 'not_paid'),
(20, '6', 1, '11002', '0', 'reception', '0', '2019-02-18 11:26:06', '2019-02-18 11:26:06', 'not_paid'),
(21, '7', 1, '11002', '0', 'reception', '0', '2019-02-18 11:27:03', '2019-02-18 11:27:03', 'not_paid'),
(22, '8', 1, '11002', '0', 'reception', '0', '2019-02-18 11:29:35', '2019-02-18 11:29:35', 'not_paid'),
(23, '2', 2, '11002', '0', 'reception', '0', '2019-02-18 11:30:51', '2019-02-18 11:30:51', 'not_paid'),
(24, '2', 2, '2,320', '0', 'laboratory', '0', '2019-02-18 11:54:56', '2019-02-18 11:54:56', 'paid'),
(25, '2', 2, '10315', '0', 'pharmacy', '0', '2019-02-18 12:08:17', '2019-02-18 12:08:17', 'not_paid'),
(26, '2', 2, '234,444', '0', 'laboratory', '0', '2019-02-18 12:08:59', '2019-02-18 12:08:59', 'paid'),
(27, '2', 2, '2331', '0', 'pharmacy', '0', '2019-02-18 12:09:23', '2019-02-18 12:09:23', 'not_paid'),
(28, '1', 3, '11002', '0', 'reception', '0', '2019-03-04 07:45:43', '2019-03-04 07:45:43', 'not_paid'),
(29, '2', 3, '11002', '0', 'reception', '0', '2019-03-06 07:32:03', '2019-03-06 07:32:03', 'not_paid'),
(30, '2', 3, '2,320', '0', 'laboratory', '0', '2019-03-06 12:39:14', '2019-03-06 12:39:14', 'paid'),
(31, '2', 3, '3,999', '0', 'pharmacy', '0', '2019-03-06 13:14:04', '2019-03-06 13:14:04', 'not_paid'),
(32, '9', 1, '15001', '0', 'reception', '0', '2019-04-03 14:34:08', '2019-04-03 14:34:08', 'not_paid'),
(33, '10', 1, '24000', '0', 'reception', '0', '2019-04-05 10:31:44', '2019-04-05 10:31:44', 'not_paid'),
(34, '11', 1, '16001', '8001', 'reception', '0', '2019-05-13 14:07:10', '2019-05-13 14:07:10', 'not_paid'),
(35, '11', 2, '20001', '0', 'reception', '0', '2019-05-14 08:28:47', '2019-05-14 08:28:47', 'not_paid'),
(36, '11', 2, '11956', '0', 'pharmacy', '0', '2019-05-14 08:36:42', '2019-05-14 08:36:42', 'not_paid'),
(37, '11', 2, '4,643', '0', 'laboratory', '0', '2019-05-14 09:07:54', '2019-05-14 09:07:54', 'paid'),
(38, '3', 4, '20001', '0', 'reception', '0', '2019-05-20 08:50:12', '2019-05-20 08:50:12', 'not_paid'),
(39, '12', 1, '20001', '0', 'reception', '0', '2019-05-24 11:49:07', '2019-05-24 11:49:07', 'not_paid'),
(40, '12', 1, '4,643', '0', 'laboratory', '0', '2019-05-24 11:53:37', '2019-05-24 11:53:37', 'paid'),
(41, '12', 1, '2,323', '0', 'laboratory', '0', '2019-06-13 12:13:12', '2019-06-13 12:13:12', 'paid'),
(42, '12', 1, '5,664', '0', 'pharmacy', '0', '2019-06-13 12:13:55', '2019-06-13 12:13:55', 'not_paid'),
(43, '2', 4, '17001', '0', 'reception', '0', '2019-07-30 07:38:39', '2019-07-30 07:38:39', 'not_paid'),
(50, '12', 2, '17001', '0', 'reception', '0', '2019-07-30 12:15:22', '2019-07-30 12:15:22', 'not_paid'),
(49, '2', 4, '5,323', '0', 'pharmacy', '0', '2019-07-30 12:09:43', '2019-07-30 12:09:43', 'not_paid'),
(48, '2', 4, '2,323', '0', 'laboratory', '0', '2019-07-30 12:08:55', '2019-07-30 12:08:55', 'paid'),
(51, '12', 2, '8,978', '0', 'pharmacy', '0', '2019-07-30 12:23:05', '2019-07-30 12:23:05', 'not_paid'),
(52, '13', 1, '19001', '0', 'reception', '0', '2019-12-05 09:26:40', '2019-12-05 09:26:40', 'not_paid'),
(53, '14', 1, '24000', '0', 'reception', '0', '2019-12-06 07:46:12', '2019-12-06 07:46:12', 'not_paid'),
(54, '14', 1, '2,323', '0', 'laboratory', '0', '2019-12-06 07:50:07', '2019-12-06 07:50:07', 'paid'),
(55, '4', 3, '24000', '0', 'reception', '0', '2019-12-06 08:20:20', '2019-12-06 08:20:20', 'not_paid'),
(56, '6', 2, '24000', '0', 'reception', '0', '2019-12-06 10:53:22', '2019-12-06 10:53:22', 'not_paid'),
(57, '6', 2, '24000', '0', 'reception', '0', '2019-12-06 10:53:22', '2019-12-06 10:53:22', 'not_paid'),
(58, '12', 3, '19001', '0', 'reception', '0', '2020-02-12 07:11:51', '2020-02-12 07:11:51', 'not_paid'),
(59, '13', 2, '10000', '0', 'reception', '0', '2020-02-12 07:12:45', '2020-02-12 07:12:45', 'not_paid'),
(60, '1', 4, '24000', '0', 'reception', '0', '2020-02-13 10:49:06', '2020-02-13 10:49:06', 'not_paid'),
(61, '1', 4, '4,643', '0', 'laboratory', '0', '2020-02-13 10:52:46', '2020-02-13 10:52:46', 'paid'),
(62, '1', 4, '5,664', '0', 'pharmacy', '0', '2020-02-13 10:59:39', '2020-02-13 10:59:39', 'not_paid'),
(63, '2', 5, '19001', '0', 'reception', '0', '2020-02-18 16:41:48', '2020-02-18 16:41:48', 'not_paid'),
(64, '1', 5, '22000', '0', 'reception', '0', '2020-03-12 08:01:06', '2020-03-12 08:01:06', 'not_paid'),
(65, '1', 6, '22400', '0', 'reception', '0', '2020-03-23 08:13:59', '2020-03-23 08:13:59', 'not_paid'),
(66, '1', 6, '12,990', '0', 'pharmacy', '0', '2020-03-23 08:15:25', '2020-03-23 08:15:25', 'not_paid'),
(67, '1', 6, '16,320', '0', 'pharmacy', '0', '2020-03-23 08:18:08', '2020-03-23 08:18:08', 'not_paid'),
(68, '1', 6, '16,320', '0', 'pharmacy', '0', '2020-03-23 08:20:14', '2020-03-23 08:20:14', 'not_paid'),
(69, '15', 1, '19000', '0', 'reception', '0', '2020-03-23 10:30:07', '2020-03-23 10:30:07', 'not_paid'),
(70, '15', 1, '19000', '0', 'reception', '0', '2020-03-23 10:30:37', '2020-03-23 10:30:37', 'not_paid'),
(71, '16', 1, '19000', '0', 'reception', '0', '2020-03-24 06:23:05', '2020-03-24 06:23:05', 'not_paid'),
(72, '10', 2, '19000', '0', 'seeing doctor', '0', '2020-03-24 08:46:41', '2020-03-24 08:46:41', 'not_paid'),
(73, '10', 3, '19000', '0', 'seeing doctor', '0', '2020-03-24 08:47:52', '2020-03-24 08:47:52', 'not_paid'),
(74, '10', 4, '19000', '0', 'seeing doctor', '0', '2020-03-24 08:50:35', '2020-03-24 08:50:35', 'not_paid'),
(75, '3', 5, '3400', '0', 'appointment', '0', '2020-03-24 09:13:17', '2020-03-24 09:13:17', 'not_paid'),
(76, '3', 5, '3400', '0', 'appointment', '0', '2020-03-24 09:13:40', '2020-03-24 09:13:40', 'not_paid'),
(77, '3', 5, '3400', '0', 'appointment', '0', '2020-03-24 09:15:14', '2020-03-24 09:15:14', 'not_paid'),
(78, '13', 3, '3400', '0', 'appointment', '0', '2020-03-24 09:21:07', '2020-03-24 09:21:07', 'not_paid'),
(79, '10', 5, '3400', '0', 'appointment', '0', '2020-03-24 09:22:31', '2020-03-24 09:22:31', 'not_paid'),
(80, '16', 2, '12315', '0', 'getting medicine', '0', '2020-03-24 10:10:43', '2020-03-24 10:10:43', 'not_paid'),
(81, '16', 2, '12315', '0', 'getting medicine', '0', '2020-03-24 10:11:01', '2020-03-24 10:11:01', 'not_paid'),
(82, '3', 6, '4664', '0', 'getting medicine', '0', '2020-03-24 10:12:37', '2020-03-24 10:12:37', 'not_paid'),
(83, '14', 2, '1000', '0', 'getting vitals', '0', '2020-03-24 10:38:31', '2020-03-24 10:38:31', 'not_paid'),
(84, '1', 7, '9500', '0', 'investigations', '0', '2020-03-24 10:55:31', '2020-03-24 10:55:31', 'not_paid'),
(85, '5', 2, '14500', '0', 'investigations', '0', '2020-03-24 14:41:26', '2020-03-24 14:41:26', 'not_paid'),
(86, '5', 2, '14500', '0', 'investigations', '0', '2020-03-24 14:42:22', '2020-03-24 14:42:22', 'not_paid'),
(87, '17', 1, '14500', '0', 'investigations', '0', '2020-03-24 14:50:26', '2020-03-24 14:50:26', 'not_paid'),
(88, '17', 1, '3400', '0', 'appointment', '0', '2020-03-24 14:53:44', '2020-03-24 14:53:44', 'not_paid'),
(92, '1', 9, '3400', '0', 'appointment', '0', '2020-03-24 15:44:53', '2020-03-24 16:07:04', 'not_paid'),
(90, '1', 7, '3400', '2400', 'appointment', '0', '2020-03-24 15:08:59', '2020-03-24 15:08:59', 'not_paid'),
(91, '1', 8, '3400', '2400', 'appointment', '0', '2020-03-24 15:10:34', '2020-03-24 15:10:34', 'not_paid'),
(93, '12', 4, '3400', '0', 'appointment', '0', '2020-03-24 15:53:50', '2020-03-24 15:53:50', 'not_paid'),
(99, '1', 12, '3400', '0', 'appointment', '0', '2020-03-25 05:18:16', '2020-03-25 05:18:16', 'not_paid'),
(100, '3', 7, '3400', '0', 'appointment', '0', '2020-03-25 05:18:52', '2020-03-25 05:18:52', 'not_paid'),
(105, '5', 2, '3400', '0', 'appointment', '0', '2020-03-25 05:37:31', '2020-03-25 05:37:31', 'not_paid'),
(106, '10', 5, '2,500', '0', 'laboratory', '0', '2020-03-25 13:14:15', '2020-03-25 13:14:15', 'paid'),
(104, '2', 6, '3400', '0', 'appointment', '0', '2020-03-25 05:25:14', '2020-03-25 05:27:05', 'not_paid'),
(107, '10', 5, '4,998', '0', 'pharmacy', '0', '2020-03-25 13:17:10', '2020-03-25 13:17:10', 'not_paid');

-- --------------------------------------------------------

--
-- Table structure for table `billing_changes`
--

CREATE TABLE `billing_changes` (
  `id` int(10) UNSIGNED NOT NULL,
  `amount_recieved` varchar(191) COLLATE utf8mb4_unicode_ci NOT NULL,
  `change` varchar(191) COLLATE utf8mb4_unicode_ci NOT NULL,
  `change_given` varchar(191) COLLATE utf8mb4_unicode_ci NOT NULL,
  `change_due` varchar(191) COLLATE utf8mb4_unicode_ci NOT NULL,
  `billing_id` int(11) NOT NULL,
  `created_at` timestamp NULL DEFAULT NULL,
  `updated_at` timestamp NULL DEFAULT NULL
) ENGINE=MyISAM DEFAULT CHARSET=utf8mb4 COLLATE=utf8mb4_unicode_ci;

--
-- Dumping data for table `billing_changes`
--

INSERT INTO `billing_changes` (`id`, `amount_recieved`, `change`, `change_given`, `change_due`, `billing_id`, `created_at`, `updated_at`) VALUES
(1, '3000', '998', '0', '998', 1, '2019-02-08 09:19:14', '2019-02-08 09:19:14'),
(2, '250000', '11,911', '0', '11911', 2, '2019-02-08 09:25:18', '2019-02-08 09:25:18'),
(3, '20000', '8998', '0', '8998', 3, '2019-02-08 11:21:12', '2019-02-08 11:21:12'),
(4, '30000', '18998', '0', '18998', 4, '2019-02-08 12:49:47', '2019-02-08 12:49:47'),
(5, '32332', '21330', '0', '21330', 5, '2019-02-11 09:51:03', '2019-02-11 09:51:03'),
(6, '343434', '332432', '0', '332432', 6, '2019-02-11 09:51:32', '2019-02-11 09:51:32'),
(7, '30000', '18998', '0', '18998', 7, '2019-02-14 13:28:20', '2019-02-14 13:28:20'),
(8, '40000', '28998', '0', '28998', 8, '2019-02-15 07:25:10', '2019-02-15 07:25:10'),
(9, '4000', '1,680', '2000', '-320', 9, '2019-02-15 08:04:11', '2019-02-15 08:04:11'),
(10, '10000', '1,022', '1000', '22', 10, '2019-02-15 08:04:50', '2019-02-15 08:04:50'),
(11, '5000', '357', '500', '-143', 11, '2019-02-15 12:21:54', '2019-02-15 12:21:54'),
(12, '30000', '8,368', '10000', '-1632', 12, '2019-02-15 12:22:18', '2019-02-15 12:22:18'),
(13, '40000', '28998', '0', '28998', 13, '2019-02-15 13:40:47', '2019-02-15 13:40:47'),
(14, '10000', '4,336', '0', '4336', 14, '2019-02-15 13:44:05', '2019-02-15 13:44:05'),
(15, '5000', '2,677', '0', '2677', 15, '2019-02-15 13:44:20', '2019-02-15 13:44:20'),
(16, '300000', '65,556', '0', '65556', 16, '2019-02-15 13:44:30', '2019-02-15 13:44:30'),
(17, '4000', '0', '0', '0', 17, '2019-02-15 13:44:44', '2019-02-15 13:44:44'),
(18, '5500', '3,177', '0', '3177', 18, '2019-02-15 13:44:53', '2019-02-15 13:44:53'),
(19, '20000', '8998', '0', '8998', 19, '2019-02-18 11:25:10', '2019-02-18 11:25:10'),
(20, '25000', '13998', '0', '13998', 20, '2019-02-18 11:26:06', '2019-02-18 11:26:06'),
(21, '15000', '3998', '0', '3998', 21, '2019-02-18 11:27:03', '2019-02-18 11:27:03'),
(22, '16000', '4998', '0', '4998', 22, '2019-02-18 11:29:35', '2019-02-18 11:29:35'),
(23, '30000', '18998', '0', '18998', 23, '2019-02-18 11:30:51', '2019-02-18 11:30:51'),
(24, '5000', '2,680', '3000', '-320', 24, '2019-02-18 11:54:56', '2019-02-18 11:54:56'),
(25, '15000', '1685', '0', '1685', 25, '2019-02-18 12:08:17', '2019-02-18 12:08:17'),
(26, '0233300', '541', '0', '541', 26, '2019-02-18 12:08:59', '2019-02-18 12:08:59'),
(27, '5000', '210', '0', '210', 27, '2019-02-18 12:09:23', '2019-02-18 12:09:23'),
(28, '30000', '18998', '0', '18998', 28, '2019-03-04 07:45:44', '2019-03-04 07:45:44'),
(29, '20000', '8998', '0', '8998', 29, '2019-03-06 07:32:03', '2019-03-06 07:32:03'),
(30, '0', '6,678', '0', '6678', 30, '2019-03-06 12:39:15', '2019-03-06 12:39:15'),
(31, '0', '2,679', '0', '2679', 31, '2019-03-06 13:14:04', '2019-03-06 13:14:04'),
(32, '20000', '4999', '0', '4999', 32, '2019-04-03 14:34:08', '2019-04-03 14:34:08'),
(33, '30000', '6000', '0', '6000', 33, '2019-04-05 10:31:44', '2019-04-05 10:31:44'),
(34, '8000', '0', '0', '0', 34, '2019-05-13 14:07:10', '2019-05-13 14:07:10'),
(35, '24000', '3999', '0', '3999', 35, '2019-05-14 08:28:47', '2019-05-14 08:28:47'),
(36, '11000', '43', '50', '-7', 36, '2019-05-14 08:36:42', '2019-05-14 08:36:42'),
(37, '5000', '350', '0', '350', 37, '2019-05-14 09:07:54', '2019-05-14 09:07:54'),
(38, '30000', '9999', '0', '9999', 38, '2019-05-20 08:50:12', '2019-05-20 08:50:12'),
(39, '30000', '9999', '0', '9999', 39, '2019-05-24 11:49:08', '2019-05-24 11:49:08'),
(40, '0', '5,356', '0', '5356', 40, '2019-05-24 11:53:37', '2019-05-24 11:53:37'),
(41, '5000', '2,677', '0', '2677', 41, '2019-06-13 12:13:12', '2019-06-13 12:13:12'),
(42, '5700', '36', '0', '36', 42, '2019-06-13 12:13:55', '2019-06-13 12:13:55'),
(43, '20000', '2999', '0', '2999', 43, '2019-07-30 07:38:39', '2019-07-30 07:38:39'),
(44, '0', '676', '0', '676', 48, '2019-07-30 12:09:03', '2019-07-30 12:09:03'),
(45, '7000', '2,353', '0', '2353', 49, '2019-07-30 12:09:43', '2019-07-30 12:09:43'),
(46, '50000', '32999', '0', '32999', 50, '2019-07-30 12:15:22', '2019-07-30 12:15:22'),
(47, '0', '24,021', '0', '24021', 51, '2019-07-30 12:23:05', '2019-07-30 12:23:05'),
(48, '20000', '999', '0', '999', 52, '2019-12-05 09:26:40', '2019-12-05 09:26:40'),
(49, '30000', '6000', '0', '6000', 53, '2019-12-06 07:46:12', '2019-12-06 07:46:12'),
(50, '0', '3,677', '0', '3677', 54, '2019-12-06 07:50:07', '2019-12-06 07:50:07'),
(51, '30000', '6000', '0', '6000', 55, '2019-12-06 08:20:20', '2019-12-06 08:20:20'),
(52, '30000', '6000', '0', '6000', 56, '2019-12-06 10:53:22', '2019-12-06 10:53:22'),
(53, '30000', '6000', '0', '6000', 57, '2019-12-06 10:53:22', '2019-12-06 10:53:22'),
(54, '20000', '999', '0', '999', 58, '2020-02-12 07:11:52', '2020-02-12 07:11:52'),
(55, '15000', '5000', '0', '5000', 59, '2020-02-12 07:12:45', '2020-02-12 07:12:45'),
(56, '30000', '6000', '0', '6000', 60, '2020-02-13 10:49:07', '2020-02-13 10:49:07'),
(57, '0', '1,357', '0', '1357', 61, '2020-02-13 10:52:46', '2020-02-13 10:52:46'),
(58, '5000', '693', '0', '693', 62, '2020-02-13 10:59:39', '2020-02-13 10:59:39'),
(59, '30000', '10999', '0', '10999', 63, '2020-02-18 16:41:48', '2020-02-18 16:41:48'),
(60, '25000', '3000', '0', '3000', 64, '2020-03-12 08:01:06', '2020-03-12 08:01:06'),
(61, '22500', '100', '12', '88', 65, '2020-03-23 08:13:59', '2020-03-23 08:13:59'),
(62, '13000', '98', '0', '98', 66, '2020-03-23 08:15:25', '2020-03-23 08:15:25'),
(63, '17000', '778', '0', '778', 67, '2020-03-23 08:18:08', '2020-03-23 08:18:08'),
(64, '17000', '1,458', '0', '1458', 68, '2020-03-23 08:20:14', '2020-03-23 08:20:14'),
(65, '20000', '1000', '0', '1000', 70, '2020-03-23 10:30:37', '2020-03-23 10:30:37'),
(66, '20000', '1000', '0', '1000', 71, '2020-03-24 06:23:05', '2020-03-24 06:23:05'),
(67, '19000', '0', '0', '0', 74, '2020-03-24 08:50:35', '2020-03-24 08:50:35'),
(68, '3400', '0', '0', '0', 77, '2020-03-24 09:15:14', '2020-03-24 09:15:14'),
(69, '3400', '0', '0', '0', 78, '2020-03-24 09:21:07', '2020-03-24 09:21:07'),
(70, '3400', '0', '0', '0', 79, '2020-03-24 09:22:31', '2020-03-24 09:22:31'),
(71, '14000', '1685', '1500', '185', 80, '2020-03-24 10:10:43', '2020-03-24 10:10:43'),
(72, '14000', '1685', '1500', '185', 81, '2020-03-24 10:11:01', '2020-03-24 10:11:01'),
(73, '4664', '0', '0', '0', 82, '2020-03-24 10:12:37', '2020-03-24 10:12:37'),
(74, '1000', '0', '0', '0', 83, '2020-03-24 10:38:31', '2020-03-24 10:38:31'),
(75, '10000', '500', '0', '500', 84, '2020-03-24 10:55:31', '2020-03-24 10:55:31'),
(76, '14500', '0', '0', '0', 85, '2020-03-24 14:41:27', '2020-03-24 14:41:27'),
(77, '14500', '0', '0', '0', 86, '2020-03-24 14:42:22', '2020-03-24 14:42:22'),
(78, '14500', '0', '0', '0', 87, '2020-03-24 14:50:26', '2020-03-24 14:50:26'),
(79, '3400', '0', '0', '0', 88, '2020-03-24 14:53:44', '2020-03-24 14:53:44'),
(80, '1000', '-2400', '0', '0', 89, '2020-03-24 15:04:43', '2020-03-24 15:04:43'),
(81, '1000', '-2400', '0', '0', 90, '2020-03-24 15:08:59', '2020-03-24 15:08:59'),
(82, '1000', '-2400', '0', '0', 91, '2020-03-24 15:10:34', '2020-03-24 15:10:34'),
(83, '500', '-2900', '0', '0', 92, '2020-03-24 15:44:53', '2020-03-24 15:44:53'),
(84, '3400', '0', '0', '0', 93, '2020-03-24 15:53:50', '2020-03-24 15:53:50'),
(85, '3000', '-100', '100', '0', 92, '2020-03-24 16:08:46', '2020-03-24 16:08:46'),
(86, '3400', '0', '0', '0', 94, '2020-03-25 04:53:14', '2020-03-25 04:53:14'),
(87, '3400', '0', '0', '0', 95, '2020-03-25 04:53:48', '2020-03-25 04:53:48'),
(88, '1050', '-2350', '0', '0', 96, '2020-03-25 04:54:52', '2020-03-25 04:54:52'),
(89, '3400', '0', '0', '0', 97, '2020-03-25 05:01:34', '2020-03-25 05:01:34'),
(90, '1700', '-1700', '0', '0', 98, '2020-03-25 05:04:13', '2020-03-25 05:04:13'),
(91, '3400', '0', '0', '0', 99, '2020-03-25 05:18:16', '2020-03-25 05:18:16'),
(92, '3400', '0', '0', '0', 100, '2020-03-25 05:18:52', '2020-03-25 05:18:52'),
(93, '1000', '-2400', '0', '0', 101, '2020-03-25 05:20:02', '2020-03-25 05:20:02'),
(94, '1000', '-2400', '0', '0', 102, '2020-03-25 05:22:22', '2020-03-25 05:22:22'),
(95, '1000', '-2400', '0', '0', 103, '2020-03-25 05:24:10', '2020-03-25 05:24:10'),
(96, '1000', '-2400', '0', '0', 104, '2020-03-25 05:25:14', '2020-03-25 05:25:14'),
(97, '2500', '-100', '100', '0', 104, '2020-03-25 05:27:05', '2020-03-25 05:27:05'),
(98, '3400', '0', '0', '0', 105, '2020-03-25 05:37:31', '2020-03-25 05:37:31'),
(99, '2,500', '0', '0', '0', 106, '2020-03-25 13:14:15', '2020-03-25 13:14:15'),
(100, '4,998', '0', '0', '0', 107, '2020-03-25 13:17:10', '2020-03-25 13:17:10');

-- --------------------------------------------------------

--
-- Table structure for table `billing_lists`
--

CREATE TABLE `billing_lists` (
  `id` int(10) UNSIGNED NOT NULL,
  `patient_registration_no` int(11) NOT NULL,
  `visit_no` int(11) NOT NULL,
  `status` varchar(191) COLLATE utf8mb4_unicode_ci DEFAULT NULL,
  `billing_id` int(11) NOT NULL,
  `type` varchar(191) COLLATE utf8mb4_unicode_ci NOT NULL,
  `created_at` timestamp NULL DEFAULT NULL,
  `updated_at` timestamp NULL DEFAULT NULL,
  `queue_no` varchar(191) COLLATE utf8mb4_unicode_ci NOT NULL DEFAULT '0',
  `family_help_id` int(11) NOT NULL DEFAULT '0'
) ENGINE=MyISAM DEFAULT CHARSET=utf8mb4 COLLATE=utf8mb4_unicode_ci;

--
-- Dumping data for table `billing_lists`
--

INSERT INTO `billing_lists` (`id`, `patient_registration_no`, `visit_no`, `status`, `billing_id`, `type`, `created_at`, `updated_at`, `queue_no`, `family_help_id`) VALUES
(1, 1, 1, 'paid', 2, 'Laboratory', '2019-02-08 09:22:51', '2019-02-08 09:25:18', '1', 0),
(2, 1, 1, 'Closed', 0, 'Pharmacy', '2019-02-08 09:26:54', '2019-03-06 12:43:52', '0', 0),
(3, 2, 1, NULL, 0, 'Laboratory', '2019-02-08 11:22:37', '2019-02-08 11:22:37', '0', 0),
(4, 2, 1, NULL, 0, 'Pharmacy', '2019-02-08 11:22:37', '2019-02-08 11:22:37', '0', 0),
(5, 2, 1, NULL, 0, 'Pharmacy', '2019-02-14 10:59:26', '2019-02-14 10:59:26', '0', 0),
(6, 2, 1, NULL, 0, 'Pharmacy', '2019-02-14 11:15:57', '2019-02-14 11:15:57', '0', 0),
(7, 2, 1, NULL, 0, 'Pharmacy', '2019-02-14 13:03:19', '2019-02-14 13:03:19', '0', 0),
(8, 2, 1, NULL, 0, 'Pharmacy', '2019-02-14 13:10:24', '2019-02-14 13:10:24', '0', 0),
(9, 2, 1, NULL, 0, 'Pharmacy', '2019-02-14 13:11:26', '2019-02-14 13:11:26', '0', 0),
(10, 2, 1, NULL, 0, 'Pharmacy', '2019-02-14 13:11:52', '2019-02-14 13:11:52', '0', 0),
(11, 2, 1, NULL, 0, 'Pharmacy', '2019-02-14 13:12:42', '2019-02-14 13:12:42', '0', 0),
(12, 2, 1, NULL, 0, 'Pharmacy', '2019-02-14 13:13:36', '2019-02-14 13:13:36', '0', 0),
(13, 2, 1, NULL, 0, 'Pharmacy', '2019-02-14 13:15:23', '2019-02-14 13:15:23', '0', 0),
(14, 2, 1, NULL, 0, 'Pharmacy', '2019-02-14 13:18:06', '2019-02-14 13:18:06', '0', 0),
(15, 2, 1, NULL, 0, 'Pharmacy', '2019-02-14 13:25:00', '2019-02-14 13:25:00', '0', 0),
(16, 4, 2, 'viewed', 9, 'Laboratory', '2019-02-15 07:53:57', '2019-02-15 13:38:37', '1', 1),
(17, 4, 2, 'CompleteCycle', 10, 'Pharmacy', '2019-02-15 07:53:57', '2019-02-15 13:57:20', '0', 1),
(18, 4, 2, 'paid', 11, 'Laboratory', '2019-02-15 12:19:27', '2019-02-15 12:21:54', '2', 2),
(19, 4, 2, 'CompleteCycle', 12, 'Pharmacy', '2019-02-15 12:19:27', '2019-02-15 13:57:26', '0', 2),
(24, 4, 2, 'CompleteCycle', 14, 'Pharmacy', '2019-02-15 13:08:17', '2019-02-15 13:57:32', '0', 1),
(22, 4, 2, 'taken sample', 15, 'Laboratory', '2019-02-15 12:57:37', '2019-02-15 13:50:31', '3', 1),
(23, 4, 2, 'taken sample', 16, 'Laboratory', '2019-02-15 13:04:46', '2019-02-15 13:50:21', '4', 1),
(25, 4, 2, 'CompleteCycle', 17, 'Pharmacy', '2019-02-15 13:09:02', '2019-02-15 13:57:13', '0', 1),
(26, 4, 2, 'paid', 18, 'Laboratory', '2019-02-15 13:21:16', '2019-02-15 13:44:53', '5', 0),
(27, 2, 2, 'Closed', 24, 'Laboratory', '2019-02-18 11:33:01', '2019-02-18 13:21:09', '1', 3),
(28, 2, 2, 'CompleteCycle', 25, 'Pharmacy', '2019-02-18 11:33:01', '2019-02-18 13:44:51', '0', 3),
(29, 2, 2, 'Closed', 26, 'Laboratory', '2019-02-18 11:54:21', '2019-02-18 13:35:19', '2', 0),
(30, 2, 2, 'CompleteCycle', 27, 'Pharmacy', '2019-02-18 11:54:21', '2019-02-18 13:44:36', '0', 0),
(31, 2, 3, NULL, 0, 'Laboratory', '2019-03-06 11:48:18', '2019-03-06 11:48:18', '0', 4),
(32, 2, 3, NULL, 0, 'Pharmacy', '2019-03-06 11:48:18', '2019-03-06 11:48:18', '0', 4),
(33, 2, 3, NULL, 0, 'Laboratory', '2019-03-06 12:01:05', '2019-03-06 12:01:05', '0', 5),
(34, 2, 3, NULL, 0, 'Pharmacy', '2019-03-06 12:01:05', '2019-03-06 12:01:05', '0', 5),
(35, 2, 3, 'Closed', 30, 'Laboratory', '2019-03-06 12:38:47', '2019-03-06 12:51:36', '1', 0),
(36, 2, 3, 'paid', 31, 'Pharmacy', '2019-03-06 13:13:35', '2019-03-06 13:14:04', '0', 0),
(37, 2, 3, NULL, 0, 'Pharmacy', '2019-03-06 13:14:58', '2019-03-06 13:14:58', '0', 0),
(38, 2, 3, NULL, 0, 'Pharmacy', '2019-03-06 13:15:38', '2019-03-06 13:15:38', '0', 0),
(39, 2, 3, NULL, 0, 'Pharmacy', '2019-03-06 13:16:01', '2019-03-06 13:16:01', '0', 0),
(40, 9, 1, NULL, 0, 'Laboratory', '2019-04-03 14:36:53', '2019-04-03 14:36:53', '0', 0),
(41, 9, 1, NULL, 0, 'Pharmacy', '2019-04-03 14:39:52', '2019-04-03 14:39:52', '0', 0),
(42, 10, 1, NULL, 0, 'Laboratory', '2019-04-05 10:38:09', '2019-04-05 10:38:09', '0', 0),
(43, 10, 1, NULL, 0, 'Pharmacy', '2019-04-05 10:38:09', '2019-04-05 10:38:09', '0', 0),
(44, 10, 1, NULL, 0, 'Laboratory', '2019-04-05 10:38:36', '2019-04-05 10:38:36', '0', 0),
(45, 10, 1, NULL, 0, 'Pharmacy', '2019-04-05 10:38:36', '2019-04-05 10:38:36', '0', 0),
(46, 1, 3, NULL, 0, 'Laboratory', '2019-04-05 10:41:43', '2019-04-05 10:41:43', '0', 0),
(47, 11, 1, NULL, 0, 'Laboratory', '2019-05-13 14:08:35', '2019-05-13 14:08:35', '0', 6),
(52, 11, 2, 'CompleteCycle', 36, 'Pharmacy', '2019-05-14 08:35:57', '2019-05-14 09:04:29', '0', 0),
(49, 11, 1, NULL, 0, 'Laboratory', '2019-05-13 14:10:12', '2019-05-13 14:10:12', '0', 0),
(51, 11, 2, 'Closed', 37, 'Laboratory', '2019-05-14 08:35:57', '2019-05-14 09:10:49', '1', 0),
(53, 12, 1, 'Closed', 40, 'Laboratory', '2019-05-24 11:51:43', '2019-05-24 11:56:36', '1', 0),
(54, 12, 1, NULL, 0, 'Pharmacy', '2019-05-24 11:59:23', '2019-05-24 11:59:23', '0', 0),
(55, 12, 1, NULL, 0, 'Laboratory', '2019-06-12 11:12:18', '2019-06-12 11:12:18', '0', 7),
(56, 12, 1, NULL, 0, 'Pharmacy', '2019-06-12 11:12:19', '2019-06-12 11:12:19', '0', 7),
(57, 12, 1, 'viewed', 41, 'Laboratory', '2019-06-13 12:12:18', '2019-06-13 12:15:42', '1', 8),
(58, 12, 1, 'CompleteCycle', 42, 'Pharmacy', '2019-06-13 12:12:18', '2019-06-13 12:17:05', '0', 8),
(59, 2, 4, 'paid', 48, 'Laboratory', '2019-07-30 11:44:22', '2019-07-30 12:09:03', '1', 0),
(60, 2, 4, 'CompleteCycle', 49, 'Pharmacy', '2019-07-30 11:52:05', '2019-07-30 12:10:23', '0', 0),
(61, 12, 2, 'paid', 51, 'Pharmacy', '2019-07-30 12:22:29', '2019-07-30 12:23:05', '0', 0),
(62, 12, 2, NULL, 0, 'Pharmacy', '2019-07-30 12:24:25', '2019-07-30 12:24:25', '0', 0),
(63, 12, 2, NULL, 0, 'Pharmacy', '2019-07-30 12:25:33', '2019-07-30 12:25:33', '0', 0),
(64, 12, 2, NULL, 0, 'Pharmacy', '2019-07-30 12:32:55', '2019-07-30 12:32:55', '0', 0),
(65, 13, 1, NULL, 0, 'Laboratory', '2019-12-05 09:29:56', '2019-12-05 09:29:56', '0', 0),
(66, 13, 1, NULL, 0, 'Pharmacy', '2019-12-05 09:29:56', '2019-12-05 09:29:56', '0', 0),
(67, 14, 1, 'Closed', 54, 'Laboratory', '2019-12-06 07:49:52', '2019-12-06 08:21:10', '1', 0),
(68, 14, 1, NULL, 0, 'Pharmacy', '2019-12-06 08:22:10', '2019-12-06 08:22:10', '0', 0),
(69, 4, 3, NULL, 0, 'Pharmacy', '2019-12-06 08:23:16', '2019-12-06 08:23:16', '0', 0),
(70, 12, 3, NULL, 0, 'Laboratory', '2020-02-12 08:24:34', '2020-02-12 08:24:34', '0', 0),
(71, 12, 3, NULL, 0, 'Pharmacy', '2020-02-12 08:24:34', '2020-02-12 08:24:34', '0', 0),
(72, 1, 4, 'Closed', 61, 'Laboratory', '2020-02-13 10:51:43', '2020-02-13 11:01:28', '1', 0),
(73, 1, 4, 'CompleteCycle', 62, 'Pharmacy', '2020-02-13 10:51:43', '2020-02-13 11:00:02', '0', 0),
(74, 2, 5, NULL, 0, 'Laboratory', '2020-02-18 16:42:41', '2020-02-18 16:42:41', '0', 0),
(75, 2, 5, NULL, 0, 'Pharmacy', '2020-02-18 16:42:41', '2020-02-18 16:42:41', '0', 0),
(76, 1, 6, 'CompleteCycle', 66, 'Pharmacy', '2020-03-23 08:14:58', '2020-03-23 08:15:41', '0', 0),
(90, 12, 4, 'paid', 93, 'Appointment', '2020-03-24 15:53:50', '2020-03-24 15:53:50', '2', 0),
(82, 3, 6, 'paid', 82, 'Pharmacy', '2020-03-24 10:12:37', '2020-03-24 10:12:37', '0', 0),
(81, 16, 2, 'paid', 81, 'Pharmacy', '2020-03-24 10:11:01', '2020-03-24 10:11:01', '0', 0),
(83, 1, 7, 'CompleteCycle', 84, 'Laboratory', '2020-03-24 10:55:31', '2020-03-24 12:48:44', '1', 0),
(89, 1, 9, 'paid', 92, 'Appointment', '2020-03-24 15:44:53', '2020-03-24 16:08:46', '2', 0),
(86, 17, 1, 'CompleteCycle', 87, 'Laboratory_R', '2020-03-24 14:50:26', '2020-03-24 14:52:34', '2', 0),
(96, 1, 12, 'paid', 99, 'Appointment', '2020-03-25 05:18:16', '2020-03-25 05:18:16', '2', 0),
(98, 2, 6, 'paid', 104, 'Appointment', '2020-03-25 05:25:14', '2020-03-25 05:27:05', '4', 0),
(99, 5, 2, 'paid', 105, 'Appointment', '2020-03-25 05:37:31', '2020-03-25 05:37:31', '5', 0),
(100, 10, 5, 'paid', 106, 'Laboratory', '2020-03-25 09:21:02', '2020-03-25 13:14:15', '1', 0),
(101, 10, 5, 'paid', 107, 'Pharmacy', '2020-03-25 09:21:02', '2020-03-25 13:17:10', '0', 0);

-- --------------------------------------------------------

--
-- Table structure for table `billing_transactions`
--

CREATE TABLE `billing_transactions` (
  `id` int(10) UNSIGNED NOT NULL,
  `amount_paid` varchar(191) COLLATE utf8mb4_unicode_ci NOT NULL,
  `amount_due` varchar(191) COLLATE utf8mb4_unicode_ci NOT NULL,
  `billing_id` int(11) NOT NULL,
  `created_at` timestamp NULL DEFAULT NULL,
  `updated_at` timestamp NULL DEFAULT NULL
) ENGINE=MyISAM DEFAULT CHARSET=utf8mb4 COLLATE=utf8mb4_unicode_ci;

--
-- Dumping data for table `billing_transactions`
--

INSERT INTO `billing_transactions` (`id`, `amount_paid`, `amount_due`, `billing_id`, `created_at`, `updated_at`) VALUES
(1, '3000', '0', 1, '2019-02-08 09:19:14', '2019-02-08 09:19:14'),
(2, '250000', '0', 2, '2019-02-08 09:25:18', '2019-02-08 09:25:18'),
(3, '20000', '0', 3, '2019-02-08 11:21:12', '2019-02-08 11:21:12'),
(4, '30000', '0', 4, '2019-02-08 12:49:47', '2019-02-08 12:49:47'),
(5, '32332', '0', 5, '2019-02-11 09:51:02', '2019-02-11 09:51:02'),
(6, '343434', '0', 6, '2019-02-11 09:51:32', '2019-02-11 09:51:32'),
(7, '30000', '0', 7, '2019-02-14 13:28:20', '2019-02-14 13:28:20'),
(8, '40000', '0', 8, '2019-02-15 07:25:10', '2019-02-15 07:25:10'),
(9, '4000', '0', 9, '2019-02-15 08:04:11', '2019-02-15 08:04:11'),
(10, '10000', '0', 10, '2019-02-15 08:04:50', '2019-02-15 08:04:50'),
(11, '5000', '0', 11, '2019-02-15 12:21:54', '2019-02-15 12:21:54'),
(12, '30000', '0', 12, '2019-02-15 12:22:18', '2019-02-15 12:22:18'),
(13, '40000', '0', 13, '2019-02-15 13:40:47', '2019-02-15 13:40:47'),
(14, '10000', '0', 14, '2019-02-15 13:44:05', '2019-02-15 13:44:05'),
(15, '5000', '0', 15, '2019-02-15 13:44:20', '2019-02-15 13:44:20'),
(16, '300000', '0', 16, '2019-02-15 13:44:30', '2019-02-15 13:44:30'),
(17, '4000', '1323', 17, '2019-02-15 13:44:44', '2019-02-15 13:44:44'),
(18, '5500', '0', 18, '2019-02-15 13:44:53', '2019-02-15 13:44:53'),
(19, '20000', '0', 19, '2019-02-18 11:25:10', '2019-02-18 11:25:10'),
(20, '25000', '0', 20, '2019-02-18 11:26:06', '2019-02-18 11:26:06'),
(21, '15000', '0', 21, '2019-02-18 11:27:03', '2019-02-18 11:27:03'),
(22, '16000', '0', 22, '2019-02-18 11:29:35', '2019-02-18 11:29:35'),
(23, '30000', '0', 23, '2019-02-18 11:30:51', '2019-02-18 11:30:51'),
(24, '5000', '0', 24, '2019-02-18 11:54:56', '2019-02-18 11:54:56'),
(25, '15000', '0', 25, '2019-02-18 12:08:17', '2019-02-18 12:08:17'),
(26, '0233300', '0', 26, '2019-02-18 12:08:59', '2019-02-18 12:08:59'),
(27, '5000', '0', 27, '2019-02-18 12:09:23', '2019-02-18 12:09:23'),
(28, '30000', '0', 28, '2019-03-04 07:45:44', '2019-03-04 07:45:44'),
(29, '20000', '0', 29, '2019-03-06 07:32:03', '2019-03-06 07:32:03'),
(30, '0', '0', 30, '2019-03-06 12:39:14', '2019-03-06 12:39:14'),
(31, '0', '0', 31, '2019-03-06 13:14:04', '2019-03-06 13:14:04'),
(32, '20000', '0', 32, '2019-04-03 14:34:08', '2019-04-03 14:34:08'),
(33, '30000', '0', 33, '2019-04-05 10:31:44', '2019-04-05 10:31:44'),
(34, '8000', '8001', 34, '2019-05-13 14:07:10', '2019-05-13 14:07:10'),
(35, '24000', '0', 35, '2019-05-14 08:28:47', '2019-05-14 08:28:47'),
(36, '11000', '0', 36, '2019-05-14 08:36:42', '2019-05-14 08:36:42'),
(37, '5000', '0', 37, '2019-05-14 09:07:54', '2019-05-14 09:07:54'),
(38, '30000', '0', 38, '2019-05-20 08:50:12', '2019-05-20 08:50:12'),
(39, '30000', '0', 39, '2019-05-24 11:49:07', '2019-05-24 11:49:07'),
(40, '0', '0', 40, '2019-05-24 11:53:37', '2019-05-24 11:53:37'),
(41, '5000', '0', 41, '2019-06-13 12:13:12', '2019-06-13 12:13:12'),
(42, '5700', '0', 42, '2019-06-13 12:13:55', '2019-06-13 12:13:55'),
(43, '20000', '0', 43, '2019-07-30 07:38:39', '2019-07-30 07:38:39'),
(47, '7000', '0', 49, '2019-07-30 12:09:43', '2019-07-30 12:09:43'),
(46, '0', '0', 48, '2019-07-30 12:08:55', '2019-07-30 12:08:55'),
(48, '50000', '0', 50, '2019-07-30 12:15:22', '2019-07-30 12:15:22'),
(49, '0', '0', 51, '2019-07-30 12:23:05', '2019-07-30 12:23:05'),
(50, '20000', '0', 52, '2019-12-05 09:26:40', '2019-12-05 09:26:40'),
(51, '30000', '0', 53, '2019-12-06 07:46:12', '2019-12-06 07:46:12'),
(52, '0', '0', 54, '2019-12-06 07:50:07', '2019-12-06 07:50:07'),
(53, '30000', '0', 55, '2019-12-06 08:20:20', '2019-12-06 08:20:20'),
(54, '30000', '0', 56, '2019-12-06 10:53:22', '2019-12-06 10:53:22'),
(55, '30000', '0', 57, '2019-12-06 10:53:22', '2019-12-06 10:53:22'),
(56, '20000', '0', 58, '2020-02-12 07:11:52', '2020-02-12 07:11:52'),
(57, '15000', '0', 59, '2020-02-12 07:12:45', '2020-02-12 07:12:45'),
(58, '30000', '0', 60, '2020-02-13 10:49:07', '2020-02-13 10:49:07'),
(59, '0', '0', 61, '2020-02-13 10:52:46', '2020-02-13 10:52:46'),
(60, '5000', '0', 62, '2020-02-13 10:59:39', '2020-02-13 10:59:39'),
(61, '30000', '0', 63, '2020-02-18 16:41:48', '2020-02-18 16:41:48'),
(62, '25000', '0', 64, '2020-03-12 08:01:06', '2020-03-12 08:01:06'),
(63, '22500', '0', 65, '2020-03-23 08:13:59', '2020-03-23 08:13:59'),
(64, '13000', '0', 66, '2020-03-23 08:15:25', '2020-03-23 08:15:25'),
(65, '17000', '0', 67, '2020-03-23 08:18:08', '2020-03-23 08:18:08'),
(66, '17000', '0', 68, '2020-03-23 08:20:14', '2020-03-23 08:20:14'),
(67, '20000', '0', 70, '2020-03-23 10:30:37', '2020-03-23 10:30:37'),
(68, '20000', '0', 71, '2020-03-24 06:23:05', '2020-03-24 06:23:05'),
(69, '19000', '0', 72, '2020-03-24 08:46:41', '2020-03-24 08:46:41'),
(70, '19000', '0', 73, '2020-03-24 08:47:52', '2020-03-24 08:47:52'),
(71, '19000', '0', 74, '2020-03-24 08:50:35', '2020-03-24 08:50:35'),
(72, '3400', '0', 77, '2020-03-24 09:15:14', '2020-03-24 09:15:14'),
(73, '3400', '0', 78, '2020-03-24 09:21:07', '2020-03-24 09:21:07'),
(74, '3400', '0', 79, '2020-03-24 09:22:31', '2020-03-24 09:22:31'),
(75, '14000', '0', 80, '2020-03-24 10:10:43', '2020-03-24 10:10:43'),
(76, '14000', '0', 81, '2020-03-24 10:11:01', '2020-03-24 10:11:01'),
(77, '4664', '0', 82, '2020-03-24 10:12:37', '2020-03-24 10:12:37'),
(78, '1000', '0', 83, '2020-03-24 10:38:31', '2020-03-24 10:38:31'),
(79, '10000', '0', 84, '2020-03-24 10:55:31', '2020-03-24 10:55:31'),
(80, '14500', '0', 85, '2020-03-24 14:41:27', '2020-03-24 14:41:27'),
(81, '14500', '0', 86, '2020-03-24 14:42:22', '2020-03-24 14:42:22'),
(82, '14500', '0', 87, '2020-03-24 14:50:26', '2020-03-24 14:50:26'),
(83, '3400', '0', 88, '2020-03-24 14:53:44', '2020-03-24 14:53:44'),
(84, '1000', '2400', 89, '2020-03-24 15:04:43', '2020-03-24 15:04:43'),
(85, '1000', '2400', 90, '2020-03-24 15:08:59', '2020-03-24 15:08:59'),
(86, '1000', '2400', 91, '2020-03-24 15:10:34', '2020-03-24 15:10:34'),
(87, '500', '2900', 92, '2020-03-24 15:44:53', '2020-03-24 15:44:53'),
(88, '3400', '0', 93, '2020-03-24 15:53:50', '2020-03-24 15:53:50'),
(89, '3000', '0', 92, '2020-03-24 16:07:40', '2020-03-24 16:07:40'),
(90, '3000', '0', 92, '2020-03-24 16:07:56', '2020-03-24 16:07:56'),
(91, '3000', '0', 92, '2020-03-24 16:08:46', '2020-03-24 16:08:46'),
(92, '3400', '0', 94, '2020-03-25 04:53:14', '2020-03-25 04:53:14'),
(93, '3400', '0', 95, '2020-03-25 04:53:48', '2020-03-25 04:53:48'),
(94, '1050', '2350', 96, '2020-03-25 04:54:52', '2020-03-25 04:54:52'),
(95, '3400', '0', 97, '2020-03-25 05:01:27', '2020-03-25 05:01:27'),
(96, '1700', '1700', 98, '2020-03-25 05:04:08', '2020-03-25 05:04:08'),
(97, '3400', '0', 99, '2020-03-25 05:18:16', '2020-03-25 05:18:16'),
(98, '3400', '0', 100, '2020-03-25 05:18:52', '2020-03-25 05:18:52'),
(99, '1000', '2400', 101, '2020-03-25 05:20:00', '2020-03-25 05:20:00'),
(100, '1000', '2400', 102, '2020-03-25 05:22:22', '2020-03-25 05:22:22'),
(101, '1000', '2400', 103, '2020-03-25 05:24:10', '2020-03-25 05:24:10'),
(102, '1000', '2400', 104, '2020-03-25 05:25:14', '2020-03-25 05:25:14'),
(103, '2500', '0', 104, '2020-03-25 05:27:05', '2020-03-25 05:27:05'),
(104, '3400', '0', 105, '2020-03-25 05:37:31', '2020-03-25 05:37:31'),
(105, '2,500', '0', 106, '2020-03-25 13:14:15', '2020-03-25 13:14:15'),
(106, '4,998', '0', 107, '2020-03-25 13:17:10', '2020-03-25 13:17:10');

-- --------------------------------------------------------

--
-- Table structure for table `chief_complains`
--

CREATE TABLE `chief_complains` (
  `id` int(10) UNSIGNED NOT NULL,
  `content` text COLLATE utf8mb4_unicode_ci,
  `patient_registration_no` varchar(191) COLLATE utf8mb4_unicode_ci NOT NULL,
  `visit_no` int(11) NOT NULL,
  `created_at` timestamp NULL DEFAULT NULL,
  `updated_at` timestamp NULL DEFAULT NULL
) ENGINE=MyISAM DEFAULT CHARSET=utf8mb4 COLLATE=utf8mb4_unicode_ci;

-- --------------------------------------------------------

--
-- Table structure for table `comment_from_doctors`
--

CREATE TABLE `comment_from_doctors` (
  `id` int(10) UNSIGNED NOT NULL,
  `content` text COLLATE utf8mb4_unicode_ci,
  `created_at` timestamp NULL DEFAULT NULL,
  `updated_at` timestamp NULL DEFAULT NULL,
  `patient_registration_no` varchar(191) COLLATE utf8mb4_unicode_ci NOT NULL,
  `visit_no` int(11) NOT NULL
) ENGINE=MyISAM DEFAULT CHARSET=utf8mb4 COLLATE=utf8mb4_unicode_ci;

--
-- Dumping data for table `comment_from_doctors`
--

INSERT INTO `comment_from_doctors` (`id`, `content`, `created_at`, `updated_at`, `patient_registration_no`, `visit_no`) VALUES
(1, 'asdfasdf', '2019-02-08 09:22:51', '2019-02-08 09:22:51', '1', 1),
(2, 'adsfasdfasdf', '2019-02-08 11:22:37', '2019-02-08 11:22:37', '2', 1),
(3, NULL, '2019-02-15 13:21:16', '2019-02-15 13:21:16', '4', 2),
(4, NULL, '2019-02-18 11:54:21', '2019-02-18 11:54:21', '2', 2),
(5, NULL, '2019-03-06 12:38:47', '2019-03-06 12:38:47', '2', 3),
(6, NULL, '2019-04-03 14:36:53', '2019-04-03 14:36:53', '9', 1),
(7, NULL, '2019-04-05 10:40:52', '2019-04-05 10:40:52', '10', 1),
(8, NULL, '2019-05-14 08:35:57', '2019-05-14 08:35:57', '11', 2),
(9, 'afasd', '2019-05-24 11:51:43', '2019-05-24 11:51:43', '12', 1),
(10, NULL, '2019-07-30 11:44:23', '2019-07-30 11:44:23', '2', 4),
(11, NULL, '2019-07-30 12:22:29', '2019-07-30 12:22:29', '12', 2),
(12, NULL, '2019-12-05 09:29:56', '2019-12-05 09:29:56', '13', 1),
(13, NULL, '2019-12-06 07:49:52', '2019-12-06 07:49:52', '14', 1),
(14, NULL, '2019-12-06 08:23:17', '2019-12-06 08:23:17', '4', 3),
(15, 'sadasdfasdfasdfasdf', '2019-12-06 10:53:49', '2019-12-06 10:53:49', '6', 2),
(16, NULL, '2020-02-12 08:24:34', '2020-02-12 08:24:34', '12', 3),
(17, 'asdf', '2020-02-13 10:51:43', '2020-02-13 10:51:43', '1', 4),
(18, 'asdf', '2020-02-18 16:42:41', '2020-02-18 16:42:41', '2', 5),
(19, NULL, '2020-03-23 08:14:58', '2020-03-23 08:14:58', '1', 6),
(20, NULL, '2020-03-25 09:21:02', '2020-03-25 09:21:02', '10', 5),
(21, NULL, '2020-03-26 07:15:57', '2020-03-26 07:15:57', '5', 2);

-- --------------------------------------------------------

--
-- Table structure for table `corporate_companies`
--

CREATE TABLE `corporate_companies` (
  `id` int(10) UNSIGNED NOT NULL,
  `name` varchar(100) COLLATE utf8mb4_unicode_ci DEFAULT NULL,
  `address` varchar(100) COLLATE utf8mb4_unicode_ci DEFAULT NULL,
  `code` varchar(100) COLLATE utf8mb4_unicode_ci DEFAULT NULL,
  `contact_person` varchar(100) COLLATE utf8mb4_unicode_ci DEFAULT NULL,
  `contact_person_phone_no` varchar(100) COLLATE utf8mb4_unicode_ci DEFAULT NULL,
  `email` varchar(100) COLLATE utf8mb4_unicode_ci DEFAULT NULL,
  `created_at` timestamp NULL DEFAULT NULL,
  `updated_at` timestamp NULL DEFAULT NULL
) ENGINE=InnoDB DEFAULT CHARSET=utf8mb4 COLLATE=utf8mb4_unicode_ci;

--
-- Dumping data for table `corporate_companies`
--

INSERT INTO `corporate_companies` (`id`, `name`, `address`, `code`, `contact_person`, `contact_person_phone_no`, `email`, `created_at`, `updated_at`) VALUES
(1, 'Vodacom Plc', 'Tanzania', 'VPL', 'Raymond Mushi', '0342993399', 'mushi@vodacom.co.tz', '2020-03-09 12:40:32', '2020-03-09 12:40:32'),
(2, 'Delloite', 'Dar', 'DLL', 'Raymond Kusaga', '0746332233', 'kusagar@gmail.com', '2020-03-09 12:43:19', '2020-03-09 12:43:19'),
(3, 'Pepsi', 'Dar', 'PPS', 'Andrew Alex', '0734221321', 'aalex@gmail.com', '2020-03-09 12:44:10', '2020-03-09 12:44:10');

-- --------------------------------------------------------

--
-- Table structure for table `corporate_company_patients`
--

CREATE TABLE `corporate_company_patients` (
  `id` int(10) UNSIGNED NOT NULL,
  `patient_registration_no` int(11) NOT NULL,
  `corporate_company_id` int(11) NOT NULL,
  `created_at` timestamp NULL DEFAULT NULL,
  `updated_at` timestamp NULL DEFAULT NULL
) ENGINE=InnoDB DEFAULT CHARSET=utf8mb4 COLLATE=utf8mb4_unicode_ci;

-- --------------------------------------------------------

--
-- Table structure for table `credits`
--

CREATE TABLE `credits` (
  `id` int(10) UNSIGNED NOT NULL,
  `created_at` timestamp NULL DEFAULT NULL,
  `updated_at` timestamp NULL DEFAULT NULL,
  `description` text COLLATE utf8mb4_unicode_ci,
  `status` varchar(100) COLLATE utf8mb4_unicode_ci DEFAULT 'created',
  `date` varchar(100) COLLATE utf8mb4_unicode_ci DEFAULT NULL,
  `amount` varchar(100) COLLATE utf8mb4_unicode_ci DEFAULT NULL
) ENGINE=InnoDB DEFAULT CHARSET=utf8mb4 COLLATE=utf8mb4_unicode_ci;

--
-- Dumping data for table `credits`
--

INSERT INTO `credits` (`id`, `created_at`, `updated_at`, `description`, `status`, `date`, `amount`) VALUES
(4, '2020-02-20 09:46:21', '2020-02-20 09:46:31', 'Payment for some stuff I owe somebody', 'paid', '2020-01-01', '800000'),
(5, '2020-02-20 10:11:25', '2020-03-12 15:29:18', 'Another simple test payment', 'paid', '2020-01-27', '400000'),
(6, '2020-05-25 23:49:07', '2020-05-25 23:49:07', 'asdf', 'created', '2020-05-25 00:00:00', '2332');

-- --------------------------------------------------------

--
-- Table structure for table `diagnoses`
--

CREATE TABLE `diagnoses` (
  `id` int(10) UNSIGNED NOT NULL,
  `name` varchar(191) COLLATE utf8mb4_unicode_ci NOT NULL,
  `created_at` timestamp NULL DEFAULT NULL,
  `updated_at` timestamp NULL DEFAULT NULL
) ENGINE=MyISAM DEFAULT CHARSET=utf8mb4 COLLATE=utf8mb4_unicode_ci;

--
-- Dumping data for table `diagnoses`
--

INSERT INTO `diagnoses` (`id`, `name`, `created_at`, `updated_at`) VALUES
(1, 'Acute Flacid Paralysis', '2019-02-08 08:58:46', '2019-02-08 08:58:46'),
(2, 'Cholera', '2019-02-08 08:58:46', '2019-02-08 08:58:46'),
(3, 'Dysentery', '2019-02-08 08:58:46', '2019-02-08 08:58:46'),
(4, 'Measles', '2019-02-08 08:58:46', '2019-02-08 08:58:46'),
(5, 'Meningitis', '2019-02-08 08:58:46', '2019-02-08 08:58:46'),
(6, 'Neonatal Tetanus', '2019-02-08 08:58:46', '2019-02-08 08:58:46'),
(7, 'Plague', '2019-02-08 08:58:46', '2019-02-08 08:58:46'),
(8, 'Relapsing Fever(Louse borne typhus)', '2019-02-08 08:58:46', '2019-02-08 08:58:46'),
(9, 'Yellow Fever', '2019-02-08 08:58:46', '2019-02-08 08:58:46'),
(10, 'Influenza', '2019-02-08 08:58:46', '2019-02-08 08:58:46'),
(11, 'Typhoid', '2019-02-08 08:58:46', '2019-02-08 08:58:46'),
(12, 'Rabies', '2019-02-08 08:58:46', '2019-02-08 08:58:46'),
(13, 'Onchocerciasis', '2019-02-08 08:58:46', '2019-02-08 08:58:46'),
(14, 'Trypanosomiasis', '2019-02-08 08:58:46', '2019-02-08 08:58:46'),
(15, 'Viral haemorrhagic fevers', '2019-02-08 08:58:47', '2019-02-08 08:58:47'),
(16, 'Diarrhea with some dehydration', '2019-02-08 08:58:47', '2019-02-08 08:58:47'),
(17, 'Diarrhea with severe dehydration', '2019-02-08 08:58:47', '2019-02-08 08:58:47'),
(18, 'Schistosomiasis', '2019-02-08 08:58:47', '2019-02-08 08:58:47'),
(19, 'Malaria blood slide positive', '2019-02-08 08:58:47', '2019-02-08 08:58:47'),
(20, 'Malaria mRDT positive', '2019-02-08 08:58:47', '2019-02-08 08:58:47'),
(21, 'Malaria, clinical(No test)', '2019-02-08 08:58:47', '2019-02-08 08:58:47'),
(22, 'Malaria in pregnancy', '2019-02-08 08:58:47', '2019-02-08 08:58:47'),
(23, 'STI Genital Discharge Syndrome', '2019-02-08 08:58:47', '2019-02-08 08:58:47'),
(24, 'STI Genital Ulcer Disease', '2019-02-08 08:58:47', '2019-02-08 08:58:47'),
(25, 'STI Pelvic Inflamatory Diseases', '2019-02-08 08:58:47', '2019-02-08 08:58:47'),
(26, 'Sexually Transmitted Infections, Other', '2019-02-08 08:58:47', '2019-02-08 08:58:47'),
(27, 'Tuberculosis', '2019-02-08 08:58:47', '2019-02-08 08:58:47'),
(28, 'Leprosy', '2019-02-08 08:58:47', '2019-02-08 08:58:47'),
(29, 'Intestinal Worms', '2019-02-08 08:58:47', '2019-02-08 08:58:47'),
(30, 'Anaemia, Mild/Moderate', '2019-02-08 08:58:47', '2019-02-08 08:58:47'),
(31, 'Anaemia, Severe', '2019-02-08 08:58:47', '2019-02-08 08:58:47'),
(32, 'Sickle cell Disease', '2019-02-08 08:58:47', '2019-02-08 08:58:47'),
(33, 'Ear Infection, Acute', '2019-02-08 08:58:47', '2019-02-08 08:58:47'),
(34, 'Ear Infection, Chronic', '2019-02-08 08:58:47', '2019-02-08 08:58:47'),
(35, 'Eye diseases, Infectious', '2019-02-08 08:58:47', '2019-02-08 08:58:47'),
(36, 'Eye diseases, Non-infectious', '2019-02-08 08:58:47', '2019-02-08 08:58:47'),
(37, 'Eye diseases, Injuries', '2019-02-08 08:58:47', '2019-02-08 08:58:47'),
(38, 'Skin Infection, Non-Fungal', '2019-02-08 08:58:47', '2019-02-08 08:58:47'),
(39, 'Skin Infection, Fungal', '2019-02-08 08:58:47', '2019-02-08 08:58:47'),
(40, 'Skin Infection, Non-infectious', '2019-02-08 08:58:47', '2019-02-08 08:58:47'),
(41, 'Fungal Infection, Non-skin', '2019-02-08 08:58:47', '2019-02-08 08:58:47'),
(42, 'Osteomyelitis', '2019-02-08 08:58:47', '2019-02-08 08:58:47'),
(43, 'Nenonatal sepsis', '2019-02-08 08:58:47', '2019-02-08 08:58:47'),
(44, 'Low birth weight and Prematurity comoplications', '2019-02-08 08:58:47', '2019-02-08 08:58:47'),
(45, 'Birth asphyxia', '2019-02-08 08:58:47', '2019-02-08 08:58:47'),
(46, 'Pneumonia, Non-Severe', '2019-02-08 08:58:47', '2019-02-08 08:58:47'),
(47, 'Pneumonia, Severe', '2019-02-08 08:58:47', '2019-02-08 08:58:47'),
(48, 'Upper Respiratory Infections(Pharyngitis, Tonsillitis, Rhinitis)', '2019-02-08 08:58:47', '2019-02-08 08:58:47'),
(49, 'Cerebral palsy', '2019-02-08 08:58:47', '2019-02-08 08:58:47'),
(50, 'Urinal Tract Infections(UTI)', '2019-02-08 08:58:47', '2019-02-08 08:58:47'),
(51, 'Gynaecological diseases, Other', '2019-02-08 08:58:47', '2019-02-08 08:58:47'),
(52, 'Kwashiokor', '2019-02-08 08:58:47', '2019-02-08 08:58:47'),
(53, 'Marasmus', '2019-02-08 08:58:47', '2019-02-08 08:58:47'),
(54, 'Marasmic Kwashiakor', '2019-02-08 08:58:47', '2019-02-08 08:58:47'),
(55, 'Moderate Malnutrition', '2019-02-08 08:58:47', '2019-02-08 08:58:47'),
(56, 'Vitamin A Deficiency', '2019-02-08 08:58:47', '2019-02-08 08:58:47'),
(57, 'Other Nutritional Disorders', '2019-02-08 08:58:47', '2019-02-08 08:58:47'),
(58, 'Caries', '2019-02-08 08:58:47', '2019-02-08 08:58:47'),
(59, 'Periodntal Diseases', '2019-02-08 08:58:47', '2019-02-08 08:58:47'),
(60, 'Dental Emergency Care', '2019-02-08 08:58:47', '2019-02-08 08:58:47'),
(61, 'Dental Conditions, Other', '2019-02-08 08:58:47', '2019-02-08 08:58:47'),
(62, 'Fractures/Dislocations', '2019-02-08 08:58:47', '2019-02-08 08:58:47'),
(63, 'Burn', '2019-02-08 08:58:47', '2019-02-08 08:58:47'),
(64, 'Poisonig', '2019-02-08 08:58:47', '2019-02-08 08:58:47'),
(65, 'Road Traffic Accidents', '2019-02-08 08:58:47', '2019-02-08 08:58:47'),
(66, 'Pregnancy complications', '2019-02-08 08:58:47', '2019-02-08 08:58:47'),
(67, 'Abortion', '2019-02-08 08:58:47', '2019-02-08 08:58:47'),
(68, 'Snake and Insect Bites', '2019-02-08 08:58:47', '2019-02-08 08:58:47'),
(69, 'Animal bite(suspected rabies)', '2019-02-08 08:58:47', '2019-02-08 08:58:47'),
(70, 'Animal bite(No suspected rabies', '2019-02-08 08:58:47', '2019-02-08 08:58:47'),
(71, 'Emergencies, Other', '2019-02-08 08:58:47', '2019-02-08 08:58:47'),
(72, 'Surgical conditions, Other', '2019-02-08 08:58:47', '2019-02-08 08:58:47'),
(73, 'Epilepsy', '2019-02-08 08:58:47', '2019-02-08 08:58:47'),
(74, 'Psychoses', '2019-02-08 08:58:47', '2019-02-08 08:58:47'),
(75, 'Neurosis', '2019-02-08 08:58:47', '2019-02-08 08:58:47'),
(76, 'Substance abuse', '2019-02-08 08:58:47', '2019-02-08 08:58:47'),
(77, 'Hypertension', '2019-02-08 08:58:47', '2019-02-08 08:58:47'),
(78, 'Rheumatic Fever', '2019-02-08 08:58:47', '2019-02-08 08:58:47'),
(79, 'Cardiovascular Diseases,Other', '2019-02-08 08:58:47', '2019-02-08 08:58:47'),
(80, 'Bronchial Asthma', '2019-02-08 08:58:47', '2019-02-08 08:58:47'),
(81, 'Peptic Ulcers', '2019-02-08 08:58:47', '2019-02-08 08:58:47'),
(82, 'GIT Diseases, Other Non-infectious', '2019-02-08 08:58:47', '2019-02-08 08:58:47'),
(83, 'Diabetes', '2019-02-08 08:58:47', '2019-02-08 08:58:47'),
(84, 'Rheumatoid and Joint Diseases', '2019-02-08 08:58:47', '2019-02-08 08:58:47'),
(85, 'Thyroid Diseases', '2019-02-08 08:58:47', '2019-02-08 08:58:47'),
(86, 'Neoplasma/Cancer', '2019-02-08 08:58:47', '2019-02-08 08:58:47'),
(87, 'Ill Defined Symptoms(no Diagnosis)', '2019-02-08 08:58:47', '2019-02-08 08:58:47'),
(88, 'Diagnosis, Other', '2019-02-08 08:58:47', '2019-02-08 08:58:47'),
(89, 'Waliopewa rufaa', '2019-02-08 08:58:47', '2019-02-08 08:58:47');

-- --------------------------------------------------------

--
-- Table structure for table `diagnosis`
--

CREATE TABLE `diagnosis` (
  `diagnosis_id` int(10) UNSIGNED NOT NULL,
  `examination` mediumtext COLLATE utf8mb4_unicode_ci NOT NULL,
  `diff_diagnosis` mediumtext COLLATE utf8mb4_unicode_ci NOT NULL,
  `file_name` varchar(191) COLLATE utf8mb4_unicode_ci NOT NULL,
  `prescription_id` varchar(191) COLLATE utf8mb4_unicode_ci NOT NULL,
  `description` mediumtext COLLATE utf8mb4_unicode_ci NOT NULL,
  `lab_id` varchar(191) COLLATE utf8mb4_unicode_ci NOT NULL,
  `doc_id` varchar(191) COLLATE utf8mb4_unicode_ci NOT NULL,
  `patient_reg_no` varchar(191) COLLATE utf8mb4_unicode_ci NOT NULL,
  `date` date NOT NULL,
  `service_id` varchar(191) COLLATE utf8mb4_unicode_ci NOT NULL,
  `service_mode_id` varchar(191) COLLATE utf8mb4_unicode_ci NOT NULL,
  `unit_id` varchar(191) COLLATE utf8mb4_unicode_ci NOT NULL,
  `created_at` timestamp NULL DEFAULT NULL,
  `updated_at` timestamp NULL DEFAULT NULL
) ENGINE=MyISAM DEFAULT CHARSET=utf8mb4 COLLATE=utf8mb4_unicode_ci;

-- --------------------------------------------------------

--
-- Table structure for table `diagnosis_records`
--

CREATE TABLE `diagnosis_records` (
  `id` int(10) UNSIGNED NOT NULL,
  `patient_registration_no` int(11) NOT NULL,
  `visit_no` int(11) NOT NULL,
  `diagnosis_id` int(11) NOT NULL,
  `created_at` timestamp NULL DEFAULT NULL,
  `updated_at` timestamp NULL DEFAULT NULL
) ENGINE=MyISAM DEFAULT CHARSET=utf8mb4 COLLATE=utf8mb4_unicode_ci;

--
-- Dumping data for table `diagnosis_records`
--

INSERT INTO `diagnosis_records` (`id`, `patient_registration_no`, `visit_no`, `diagnosis_id`, `created_at`, `updated_at`) VALUES
(1, 1, 1, 2, '2019-02-08 09:22:51', '2019-02-08 09:22:51'),
(2, 2, 1, 4, '2019-02-08 11:22:37', '2019-02-08 11:22:37'),
(3, 4, 2, 2, '2019-02-15 13:21:16', '2019-02-15 13:21:16'),
(4, 10, 1, 2, '2019-04-05 10:38:09', '2019-04-05 10:38:09'),
(5, 11, 1, 3, '2019-05-13 14:10:12', '2019-05-13 14:10:12'),
(6, 11, 2, 4, '2019-05-14 08:35:57', '2019-05-14 08:35:57'),
(7, 12, 1, 2, '2019-05-24 11:51:42', '2019-05-24 11:51:42'),
(8, 12, 1, 19, '2019-05-24 11:51:43', '2019-05-24 11:51:43'),
(9, 13, 1, 2, '2019-12-05 09:29:56', '2019-12-05 09:29:56'),
(10, 1, 4, 2, '2020-02-13 10:51:43', '2020-02-13 10:51:43'),
(11, 2, 5, 2, '2020-02-18 16:42:41', '2020-02-18 16:42:41'),
(12, 5, 2, 2, '2020-03-26 07:26:25', '2020-03-26 07:26:25'),
(13, 5, 2, 3, '2020-03-26 07:26:25', '2020-03-26 07:26:25');

-- --------------------------------------------------------

--
-- Table structure for table `doctors`
--

CREATE TABLE `doctors` (
  `id` int(10) UNSIGNED NOT NULL,
  `doc_id` varchar(191) COLLATE utf8mb4_unicode_ci NOT NULL,
  `name` varchar(191) COLLATE utf8mb4_unicode_ci NOT NULL,
  `phone` varchar(191) COLLATE utf8mb4_unicode_ci NOT NULL,
  `email` varchar(191) COLLATE utf8mb4_unicode_ci NOT NULL,
  `address` varchar(191) COLLATE utf8mb4_unicode_ci NOT NULL,
  `gender` varchar(191) COLLATE utf8mb4_unicode_ci NOT NULL,
  `expertise` varchar(191) COLLATE utf8mb4_unicode_ci NOT NULL,
  `other_expertise` varchar(191) COLLATE utf8mb4_unicode_ci NOT NULL,
  `created_at` timestamp NULL DEFAULT NULL,
  `updated_at` timestamp NULL DEFAULT NULL
) ENGINE=MyISAM DEFAULT CHARSET=utf8mb4 COLLATE=utf8mb4_unicode_ci;

-- --------------------------------------------------------

--
-- Table structure for table `employee_attendances`
--

CREATE TABLE `employee_attendances` (
  `id` int(10) UNSIGNED NOT NULL,
  `employee_id` varchar(100) COLLATE utf8mb4_unicode_ci DEFAULT NULL,
  `date` varchar(191) COLLATE utf8mb4_unicode_ci DEFAULT NULL,
  `status` varchar(191) COLLATE utf8mb4_unicode_ci DEFAULT NULL,
  `created_at` timestamp NULL DEFAULT NULL,
  `updated_at` timestamp NULL DEFAULT NULL
) ENGINE=InnoDB DEFAULT CHARSET=utf8mb4 COLLATE=utf8mb4_unicode_ci;

--
-- Dumping data for table `employee_attendances`
--

INSERT INTO `employee_attendances` (`id`, `employee_id`, `date`, `status`, `created_at`, `updated_at`) VALUES
(1, '2', '2020-02-01', 'present', '2020-02-26 12:05:15', '2020-02-26 12:05:15'),
(2, '3', '2020-02-01', 'present', '2020-02-26 12:05:28', '2020-02-26 12:05:28'),
(3, '4', '2020-02-01', 'present', '2020-02-26 12:05:29', '2020-02-26 12:05:29'),
(4, '5', '2020-02-01', 'present', '2020-02-26 12:05:29', '2020-02-26 12:05:29'),
(5, '6', '2020-02-01', 'present', '2020-02-26 12:05:29', '2020-02-26 12:18:00'),
(6, '7', '2020-02-01', 'absent', '2020-02-26 12:05:29', '2020-02-26 12:18:00'),
(7, '2', '2020-02-02', 'present', '2020-02-26 12:18:59', '2020-02-26 12:18:59'),
(8, '3', '2020-02-02', 'present', '2020-02-26 12:18:59', '2020-02-26 12:18:59'),
(9, '4', '2020-02-02', 'present', '2020-02-26 12:18:59', '2020-02-26 12:18:59'),
(10, '5', '2020-02-02', 'absent', '2020-02-26 12:18:59', '2020-02-26 12:18:59'),
(11, '6', '2020-02-02', 'present', '2020-02-26 12:18:59', '2020-02-26 12:18:59'),
(12, '7', '2020-02-02', 'present', '2020-02-26 12:18:59', '2020-02-26 12:18:59'),
(13, '2', '2020-02-26', 'present', '2020-02-26 12:23:38', '2020-02-26 12:23:38'),
(14, '3', '2020-02-26', 'present', '2020-02-26 12:23:38', '2020-02-26 12:23:38'),
(15, '4', '2020-02-26', 'present', '2020-02-26 12:23:38', '2020-02-26 12:23:38'),
(16, '5', '2020-02-26', 'present', '2020-02-26 12:23:38', '2020-02-26 12:23:38'),
(17, '6', '2020-02-26', 'present', '2020-02-26 12:23:38', '2020-02-26 12:23:38'),
(18, '7', '2020-02-26', 'present', '2020-02-26 12:23:38', '2020-02-26 12:23:38'),
(19, '2', '2020-02-25', 'late', '2020-02-26 12:24:00', '2020-02-26 12:24:00'),
(20, '3', '2020-02-25', 'present', '2020-02-26 12:24:00', '2020-02-26 12:24:00'),
(21, '4', '2020-02-25', 'present', '2020-02-26 12:24:00', '2020-02-26 12:24:00'),
(22, '5', '2020-02-25', 'late', '2020-02-26 12:24:00', '2020-02-26 12:24:00'),
(23, '6', '2020-02-25', 'present', '2020-02-26 12:24:00', '2020-02-26 12:24:00'),
(24, '7', '2020-02-25', 'present', '2020-02-26 12:24:00', '2020-02-26 12:24:00'),
(25, '2', '2020-02-03', 'present', '2020-02-26 12:41:19', '2020-02-26 12:41:19'),
(26, '3', '2020-02-03', 'present', '2020-02-26 12:41:19', '2020-02-26 12:41:19'),
(27, '4', '2020-02-03', 'present', '2020-02-26 12:41:19', '2020-02-26 12:41:19'),
(28, '5', '2020-02-03', 'present', '2020-02-26 12:41:19', '2020-02-26 12:41:19'),
(29, '6', '2020-02-03', 'present', '2020-02-26 12:41:19', '2020-02-26 12:41:19'),
(30, '7', '2020-02-03', 'present', '2020-02-26 12:41:19', '2020-02-26 12:41:19'),
(31, '2', '2020-02-06', 'present', '2020-02-26 12:41:39', '2020-02-26 12:41:39'),
(32, '3', '2020-02-06', 'present', '2020-02-26 12:41:40', '2020-02-26 12:41:40'),
(33, '4', '2020-02-06', 'present', '2020-02-26 12:41:40', '2020-02-26 12:41:40'),
(34, '5', '2020-02-06', 'present', '2020-02-26 12:41:40', '2020-02-26 12:41:40'),
(35, '6', '2020-02-06', 'present', '2020-02-26 12:41:40', '2020-02-26 12:41:40'),
(36, '7', '2020-02-06', 'present', '2020-02-26 12:41:40', '2020-02-26 12:41:40'),
(37, '2', '2020-02-04', 'present', '2020-02-26 12:42:02', '2020-02-26 12:42:02'),
(38, '3', '2020-02-04', 'present', '2020-02-26 12:42:02', '2020-02-26 12:42:02'),
(39, '4', '2020-02-04', 'present', '2020-02-26 12:42:02', '2020-02-26 12:42:02'),
(40, '5', '2020-02-04', 'present', '2020-02-26 12:42:02', '2020-02-26 12:42:02'),
(41, '6', '2020-02-04', 'present', '2020-02-26 12:42:02', '2020-02-26 12:42:02'),
(42, '7', '2020-02-04', 'present', '2020-02-26 12:42:03', '2020-02-26 12:42:03'),
(43, '2', '2020-03-01', 'present', '2020-02-27 08:02:16', '2020-02-27 08:02:16'),
(44, '3', '2020-03-01', 'present', '2020-02-27 08:02:16', '2020-02-27 08:02:16'),
(45, '4', '2020-03-01', 'present', '2020-02-27 08:02:16', '2020-02-27 08:02:16'),
(46, '5', '2020-03-01', 'present', '2020-02-27 08:02:16', '2020-02-27 08:02:16'),
(47, '6', '2020-03-01', 'present', '2020-02-27 08:02:16', '2020-02-27 08:02:16'),
(48, '7', '2020-03-01', 'present', '2020-02-27 08:02:17', '2020-02-27 08:02:17'),
(49, '2', '2020-03-12', 'absent', '2020-03-12 14:16:11', '2020-03-12 14:16:11'),
(50, '3', '2020-03-12', 'late', '2020-03-12 14:16:11', '2020-03-12 14:16:11'),
(51, '4', '2020-03-12', 'present', '2020-03-12 14:16:11', '2020-03-12 14:16:11'),
(52, '5', '2020-03-12', 'late', '2020-03-12 14:16:11', '2020-03-12 14:16:11'),
(53, '6', '2020-03-12', 'late', '2020-03-12 14:16:11', '2020-03-12 14:16:11'),
(54, '7', '2020-03-12', 'present', '2020-03-12 14:16:11', '2020-03-12 14:16:11'),
(55, '2', '2020-03-11', 'present', '2020-03-12 14:16:31', '2020-03-12 14:16:31'),
(56, '3', '2020-03-11', 'present', '2020-03-12 14:16:31', '2020-03-12 14:16:31'),
(57, '4', '2020-03-11', 'present', '2020-03-12 14:16:32', '2020-03-12 14:16:32'),
(58, '5', '2020-03-11', 'present', '2020-03-12 14:16:32', '2020-03-12 14:16:32'),
(59, '6', '2020-03-11', 'present', '2020-03-12 14:16:32', '2020-03-12 14:16:32'),
(60, '7', '2020-03-11', 'present', '2020-03-12 14:16:32', '2020-03-12 14:16:32'),
(61, '12', '2020-03-11', 'absent', '2020-03-12 16:01:21', '2020-03-12 16:01:21'),
(62, '12', '2020-03-01', 'present', '2020-03-12 16:01:57', '2020-03-12 16:01:57');

-- --------------------------------------------------------

--
-- Table structure for table `employee_files`
--

CREATE TABLE `employee_files` (
  `id` int(10) UNSIGNED NOT NULL,
  `employee_id` int(11) DEFAULT NULL,
  `url` varchar(100) COLLATE utf8mb4_unicode_ci DEFAULT NULL,
  `name` varchar(100) COLLATE utf8mb4_unicode_ci DEFAULT NULL,
  `description` text COLLATE utf8mb4_unicode_ci,
  `created_at` timestamp NULL DEFAULT NULL,
  `updated_at` timestamp NULL DEFAULT NULL
) ENGINE=InnoDB DEFAULT CHARSET=utf8mb4 COLLATE=utf8mb4_unicode_ci;

--
-- Dumping data for table `employee_files`
--

INSERT INTO `employee_files` (`id`, `employee_id`, `url`, `name`, `description`, `created_at`, `updated_at`) VALUES
(1, 2, 'employee_files/QrfOmyutRz0MqMcGOy2xa4TdH3eHRgx9eJe8vY8N.pdf', 'Advert  eHealth Specialist_March 2020.pdf', 'lh', '2020-03-25 23:31:01', '2020-03-25 23:31:01'),
(3, 2, 'employee_files/Nt8vZJYJf17lUfT2qFPYO2TDNIKc6qVv5mZ52ck0.pdf', 'e1djsWtRNKY3Oo9sSsR64Ypuc9jYzTNeJ8FukPem.pdf', 'qw', '2020-03-25 23:38:42', '2020-03-25 23:38:42');

-- --------------------------------------------------------

--
-- Table structure for table `employee_leaves`
--

CREATE TABLE `employee_leaves` (
  `id` int(10) UNSIGNED NOT NULL,
  `employee_id` int(11) NOT NULL,
  `date` varchar(191) COLLATE utf8mb4_unicode_ci DEFAULT NULL,
  `reason` text COLLATE utf8mb4_unicode_ci,
  `created_at` timestamp NULL DEFAULT NULL,
  `updated_at` timestamp NULL DEFAULT NULL
) ENGINE=InnoDB DEFAULT CHARSET=utf8mb4 COLLATE=utf8mb4_unicode_ci;

--
-- Dumping data for table `employee_leaves`
--

INSERT INTO `employee_leaves` (`id`, `employee_id`, `date`, `reason`, `created_at`, `updated_at`) VALUES
(1, 5, '02/04/2020,02/27/2020,02/21/2020,02/14/2020', 'to go out', '2020-02-27 07:27:53', '2020-02-27 08:00:38'),
(2, 12, '03/12/2020,03/13/2020,03/14/2020', NULL, '2020-03-12 16:03:18', '2020-03-12 16:03:18');

-- --------------------------------------------------------

--
-- Table structure for table `employee_perfomance_appraisals`
--

CREATE TABLE `employee_perfomance_appraisals` (
  `id` int(10) UNSIGNED NOT NULL,
  `employee_id` int(11) DEFAULT NULL,
  `date` varchar(191) COLLATE utf8mb4_unicode_ci DEFAULT NULL,
  `url` varchar(100) COLLATE utf8mb4_unicode_ci DEFAULT NULL,
  `name` varchar(100) COLLATE utf8mb4_unicode_ci DEFAULT NULL,
  `description` text COLLATE utf8mb4_unicode_ci,
  `created_at` timestamp NULL DEFAULT NULL,
  `updated_at` timestamp NULL DEFAULT NULL
) ENGINE=InnoDB DEFAULT CHARSET=utf8mb4 COLLATE=utf8mb4_unicode_ci;

-- --------------------------------------------------------

--
-- Table structure for table `equipment`
--

CREATE TABLE `equipment` (
  `id` int(10) UNSIGNED NOT NULL,
  `name` varchar(100) COLLATE utf8mb4_unicode_ci DEFAULT NULL,
  `code` varchar(100) COLLATE utf8mb4_unicode_ci DEFAULT NULL,
  `purchasing_unit_name` varchar(100) COLLATE utf8mb4_unicode_ci DEFAULT NULL,
  `selling_unit_name` varchar(100) COLLATE utf8mb4_unicode_ci DEFAULT NULL,
  `unit_purchasing_price` varchar(100) COLLATE utf8mb4_unicode_ci DEFAULT NULL,
  `quantity_per_unit` varchar(100) COLLATE utf8mb4_unicode_ci DEFAULT NULL,
  `created_at` timestamp NULL DEFAULT NULL,
  `updated_at` timestamp NULL DEFAULT NULL,
  `quantity` varchar(100) COLLATE utf8mb4_unicode_ci DEFAULT NULL
) ENGINE=InnoDB DEFAULT CHARSET=utf8mb4 COLLATE=utf8mb4_unicode_ci;

--
-- Dumping data for table `equipment`
--

INSERT INTO `equipment` (`id`, `name`, `code`, `purchasing_unit_name`, `selling_unit_name`, `unit_purchasing_price`, `quantity_per_unit`, `created_at`, `updated_at`, `quantity`) VALUES
(1, 'Syringe', 'sy3', 'Box', 'Syringe', '30000', '5', '2020-02-18 08:04:26', '2020-02-18 08:04:26', NULL),
(2, 'Glove', 'gg2', 'Box', 'Glove', '10000', '7', '2020-02-18 08:05:20', '2020-05-25 17:31:52', NULL);

-- --------------------------------------------------------

--
-- Table structure for table `equipment_batches`
--

CREATE TABLE `equipment_batches` (
  `id` int(10) UNSIGNED NOT NULL,
  `quantity` varchar(191) COLLATE utf8mb4_unicode_ci DEFAULT NULL,
  `remaining_quantity` varchar(191) COLLATE utf8mb4_unicode_ci DEFAULT NULL,
  `date` varchar(191) COLLATE utf8mb4_unicode_ci DEFAULT NULL,
  `code` varchar(191) COLLATE utf8mb4_unicode_ci DEFAULT NULL,
  `equipment_id` int(11) DEFAULT NULL,
  `created_at` timestamp NULL DEFAULT NULL,
  `updated_at` timestamp NULL DEFAULT NULL
) ENGINE=InnoDB DEFAULT CHARSET=utf8mb4 COLLATE=utf8mb4_unicode_ci;

-- --------------------------------------------------------

--
-- Table structure for table `equipment_records`
--

CREATE TABLE `equipment_records` (
  `id` int(10) UNSIGNED NOT NULL,
  `patient_registration_no` varchar(100) COLLATE utf8mb4_unicode_ci NOT NULL,
  `equipment_id` int(11) DEFAULT NULL,
  `quantity` varchar(100) COLLATE utf8mb4_unicode_ci DEFAULT NULL,
  `billing_id` int(11) DEFAULT '0',
  `status` varchar(100) COLLATE utf8mb4_unicode_ci DEFAULT NULL,
  `created_at` timestamp NULL DEFAULT NULL,
  `updated_at` timestamp NULL DEFAULT NULL
) ENGINE=InnoDB DEFAULT CHARSET=utf8mb4 COLLATE=utf8mb4_unicode_ci;

-- --------------------------------------------------------

--
-- Table structure for table `equipment_tests`
--

CREATE TABLE `equipment_tests` (
  `id` int(10) UNSIGNED NOT NULL,
  `equipment_id` int(11) DEFAULT NULL,
  `lab_test_id` int(11) DEFAULT NULL,
  `quantity` varchar(100) COLLATE utf8mb4_unicode_ci DEFAULT NULL,
  `created_at` timestamp NULL DEFAULT NULL,
  `updated_at` timestamp NULL DEFAULT NULL
) ENGINE=InnoDB DEFAULT CHARSET=utf8mb4 COLLATE=utf8mb4_unicode_ci;

-- --------------------------------------------------------

--
-- Table structure for table `examinations`
--

CREATE TABLE `examinations` (
  `id` int(10) UNSIGNED NOT NULL,
  `patient_registration_no` varchar(191) COLLATE utf8mb4_unicode_ci NOT NULL,
  `visit_no` int(11) NOT NULL,
  `ge` varchar(191) COLLATE utf8mb4_unicode_ci NOT NULL,
  `res` varchar(191) COLLATE utf8mb4_unicode_ci NOT NULL,
  `cvs` varchar(191) COLLATE utf8mb4_unicode_ci NOT NULL,
  `pa` varchar(191) COLLATE utf8mb4_unicode_ci NOT NULL,
  `cns` varchar(191) COLLATE utf8mb4_unicode_ci NOT NULL,
  `other` varchar(191) COLLATE utf8mb4_unicode_ci NOT NULL,
  `created_at` timestamp NULL DEFAULT NULL,
  `updated_at` timestamp NULL DEFAULT NULL
) ENGINE=MyISAM DEFAULT CHARSET=utf8mb4 COLLATE=utf8mb4_unicode_ci;

--
-- Dumping data for table `examinations`
--

INSERT INTO `examinations` (`id`, `patient_registration_no`, `visit_no`, `ge`, `res`, `cvs`, `pa`, `cns`, `other`, `created_at`, `updated_at`) VALUES
(1, '1', 1, 'Stable', 'NAD', 'NAD', 'NAD', 'NAD', 'NAD', '2019-02-08 09:22:51', '2019-02-08 09:22:51'),
(2, '2', 1, 'Stable', 'NAD', 'NAD', 'NAD', 'NAD', 'NAD', '2019-02-08 11:22:37', '2019-02-08 11:22:37'),
(3, '4', 2, 'Stable', 'NAD', 'NAD', 'NAD', 'NAD', 'NAD', '2019-02-15 13:21:16', '2019-02-15 13:21:16'),
(4, '2', 2, 'Stable', 'NAD', 'NAD', 'NAD', 'NAD', 'NAD', '2019-02-18 11:54:21', '2019-02-18 11:54:21'),
(5, '2', 3, 'Stable', 'NAD', 'NAD', 'NAD', 'NAD', 'NAD', '2019-03-06 12:38:47', '2019-03-06 12:38:47'),
(6, '9', 1, 'Stable', 'crep,LCWI', 'NAD', 'NAD', 'NAD', 'NAD', '2019-04-03 14:36:53', '2019-04-03 14:36:53'),
(7, '10', 1, 'Stable', 'NAD', 'NAD', 'NAD', 'NAD', 'NAD', '2019-04-05 10:38:09', '2019-04-05 10:38:09'),
(8, '10', 1, 'Stable', 'NAD', 'NAD', 'NAD', 'NAD', 'NAD', '2019-04-05 10:38:36', '2019-04-05 10:38:36'),
(9, '10', 1, 'Stable', 'NAD', 'NAD', 'NAD', 'NAD', 'NAD', '2019-04-05 10:40:52', '2019-04-05 10:40:52'),
(10, '11', 1, 'Stable', 'NAD', 'NAD', 'NAD', 'NAD', 'NAD', '2019-05-13 14:10:11', '2019-05-13 14:10:11'),
(11, '11', 2, 'Stable', 'NAD', 'NAD', 'NAD', 'NAD', 'NAD', '2019-05-14 08:35:57', '2019-05-14 08:35:57'),
(12, '12', 1, 'Stable', 'NAD', 'NAD', 'NAD', 'NAD', 'NAD', '2019-05-24 11:51:42', '2019-05-24 11:51:42'),
(13, '2', 4, 'Stable', 'NAD', 'NAD', 'NAD', 'NAD', 'NAD', '2019-07-30 11:44:22', '2019-07-30 11:44:22'),
(14, '12', 2, 'Stable', 'NAD', 'NAD', 'NAD', 'NAD', 'NAD', '2019-07-30 12:22:29', '2019-07-30 12:22:29'),
(15, '13', 1, 'Stable', 'NAD', 'NAD', 'NAD', 'NAD', 'NAD', '2019-12-05 09:29:56', '2019-12-05 09:29:56'),
(16, '14', 1, 'Stable', 'NAD', 'NAD', 'NAD', 'NAD', 'NAD', '2019-12-06 07:49:51', '2019-12-06 07:49:51'),
(17, '4', 3, 'Stable', 'NAD', 'NAD', 'NAD', 'NAD', 'NAD', '2019-12-06 08:23:16', '2019-12-06 08:23:16'),
(18, '6', 2, 'Stable', 'NAD', 'NAD', 'NAD', 'NAD', 'NAD', '2019-12-06 10:53:49', '2019-12-06 10:53:49'),
(19, '12', 3, 'Stable', 'NAD', 'NAD', 'NAD', 'NAD', 'NAD', '2020-02-12 08:24:33', '2020-02-12 08:24:33'),
(20, '1', 4, 'asdf', 'NAD', 'NAD', 'NAD', 'NAD', 'NAD', '2020-02-13 10:51:43', '2020-02-13 10:51:43'),
(21, '2', 5, 'Stable', 'NAD', 'NAD', 'NAD', 'NAD', 'NAD', '2020-02-18 16:42:41', '2020-02-18 16:42:41'),
(22, '1', 6, 'Stable', 'NAD', 'NAD', 'NAD', 'NAD', 'NAD', '2020-03-23 08:14:58', '2020-03-23 08:14:58'),
(23, '10', 5, 'Stable', 'NAD', 'NAD', 'NAD', 'NAD', 'NAD', '2020-03-25 09:21:02', '2020-03-25 09:21:02'),
(24, '5', 2, 'Stable', 'NAD', 'NAD', 'NAD', 'NAD', 'NAD', '2020-03-26 07:15:57', '2020-03-26 07:15:57');

-- --------------------------------------------------------

--
-- Table structure for table `family_helps`
--

CREATE TABLE `family_helps` (
  `id` int(10) UNSIGNED NOT NULL,
  `patient_registration_no` int(11) NOT NULL,
  `visit_no` int(11) NOT NULL,
  `relationship` varchar(191) COLLATE utf8mb4_unicode_ci NOT NULL,
  `name` varchar(100) COLLATE utf8mb4_unicode_ci NOT NULL,
  `dob` varchar(100) COLLATE utf8mb4_unicode_ci NOT NULL,
  `created_at` timestamp NULL DEFAULT NULL,
  `updated_at` timestamp NULL DEFAULT NULL
) ENGINE=MyISAM DEFAULT CHARSET=utf8mb4 COLLATE=utf8mb4_unicode_ci;

--
-- Dumping data for table `family_helps`
--

INSERT INTO `family_helps` (`id`, `patient_registration_no`, `visit_no`, `relationship`, `name`, `dob`, `created_at`, `updated_at`) VALUES
(1, 4, 2, 'Father', 'John', '2019-12-31', '2019-02-15 07:53:57', '2019-02-15 07:53:57'),
(2, 4, 2, 'Brother', 'Yona', '1986-12-31', '2019-02-15 12:19:26', '2019-02-15 12:19:26'),
(3, 2, 2, 'Cousin', 'Silvester', '2014-04-02', '2019-02-18 11:33:00', '2019-02-18 11:33:00'),
(4, 2, 3, 'Father', 'James', '2019-01-29', '2019-03-06 11:48:18', '2019-03-06 11:48:18'),
(5, 2, 3, 'Father', 'Father', '2019-02-24', '2019-03-06 12:01:05', '2019-03-06 12:01:05'),
(6, 11, 1, 'Brother', 'Kareem', '1990-05-01', '2019-05-13 14:08:35', '2019-05-13 14:08:35'),
(7, 12, 1, 'Mother', 'fasdf', '2019-06-03', '2019-06-12 11:12:18', '2019-06-12 11:12:18'),
(8, 12, 1, 'Sister', 'edgar', '2010-03-03', '2019-06-13 12:12:18', '2019-06-13 12:12:18');

-- --------------------------------------------------------

--
-- Table structure for table `fbp_results`
--

CREATE TABLE `fbp_results` (
  `id` int(10) UNSIGNED NOT NULL,
  `wbc` text COLLATE utf8mb4_unicode_ci,
  `gra` varchar(191) COLLATE utf8mb4_unicode_ci DEFAULT NULL,
  `Hb` varchar(191) COLLATE utf8mb4_unicode_ci DEFAULT NULL,
  `from_machine` text COLLATE utf8mb4_unicode_ci,
  `lab_test_record_id` varchar(191) COLLATE utf8mb4_unicode_ci NOT NULL,
  `created_at` timestamp NULL DEFAULT NULL,
  `updated_at` timestamp NULL DEFAULT NULL
) ENGINE=MyISAM DEFAULT CHARSET=utf8mb4 COLLATE=utf8mb4_unicode_ci;

--
-- Dumping data for table `fbp_results`
--

INSERT INTO `fbp_results` (`id`, `wbc`, `gra`, `Hb`, `from_machine`, `lab_test_record_id`, `created_at`, `updated_at`) VALUES
(1, NULL, NULL, NULL, NULL, '1', '2019-02-08 09:22:51', '2019-02-08 09:22:51'),
(2, NULL, NULL, NULL, NULL, '4', '2019-02-08 11:22:37', '2019-02-08 11:22:37'),
(3, NULL, NULL, NULL, NULL, '7', '2019-02-15 12:19:26', '2019-02-15 12:19:26'),
(4, NULL, NULL, NULL, NULL, '10', '2019-02-15 12:57:37', '2019-02-15 12:57:37'),
(5, NULL, NULL, NULL, NULL, '12', '2019-02-15 13:21:16', '2019-02-15 13:21:16'),
(6, NULL, NULL, NULL, NULL, '18', '2019-04-03 14:36:53', '2019-04-03 14:36:53'),
(7, NULL, NULL, NULL, NULL, '21', '2019-04-05 10:38:09', '2019-04-05 10:38:09'),
(8, NULL, NULL, NULL, NULL, '24', '2019-04-05 10:38:36', '2019-04-05 10:38:36'),
(9, NULL, NULL, NULL, NULL, '28', '2019-05-13 14:08:35', '2019-05-13 14:08:35'),
(10, NULL, NULL, NULL, NULL, '30', '2019-05-13 14:10:12', '2019-05-13 14:10:12'),
(11, 'oo', 'oo', 'oo', NULL, '32', '2019-05-14 08:35:57', '2019-05-14 09:10:04'),
(12, 'sdfg', 'sfgsf', 'sfg', NULL, '34', '2019-05-24 11:51:43', '2019-05-24 11:55:09'),
(13, 'dasdd', 'asd', 'asd', NULL, '37', '2019-06-13 12:12:18', '2019-06-13 12:14:37'),
(14, NULL, NULL, NULL, NULL, '38', '2019-07-30 11:44:22', '2019-07-30 11:44:22'),
(15, NULL, NULL, NULL, NULL, '39', '2019-12-05 09:29:56', '2019-12-05 09:29:56'),
(16, 'asdfasd', 'sdfa', 'df', NULL, '40', '2019-12-06 07:49:52', '2019-12-06 08:21:03'),
(17, NULL, NULL, NULL, NULL, '41', '2020-02-12 08:24:34', '2020-02-12 08:24:34'),
(18, 'asdf', 'asdfa', 'fasdf', NULL, '44', '2020-02-13 10:51:43', '2020-02-13 11:00:35'),
(19, NULL, NULL, NULL, NULL, '46', '2020-02-18 16:42:41', '2020-02-18 16:42:41'),
(20, 'asdfa', 'dfasdf', 'asdfa', NULL, '49', '2020-03-24 10:55:31', '2020-03-24 10:56:41'),
(21, NULL, NULL, NULL, NULL, '51', '2020-03-24 14:41:27', '2020-03-24 14:41:27'),
(22, NULL, NULL, NULL, NULL, '55', '2020-03-24 14:42:22', '2020-03-24 14:42:22'),
(23, 'active', 'active', '12+', NULL, '59', '2020-03-24 14:50:26', '2020-03-24 14:51:55'),
(24, NULL, NULL, NULL, NULL, '63', '2020-03-25 09:21:02', '2020-03-25 09:21:02');

-- --------------------------------------------------------

--
-- Table structure for table `feature_settings`
--

CREATE TABLE `feature_settings` (
  `id` int(10) UNSIGNED NOT NULL,
  `name` varchar(100) COLLATE utf8mb4_unicode_ci DEFAULT NULL,
  `value` varchar(100) COLLATE utf8mb4_unicode_ci DEFAULT NULL,
  `created_at` timestamp NULL DEFAULT NULL,
  `updated_at` timestamp NULL DEFAULT NULL
) ENGINE=InnoDB DEFAULT CHARSET=utf8mb4 COLLATE=utf8mb4_unicode_ci;

-- --------------------------------------------------------

--
-- Table structure for table `follow_up_dates`
--

CREATE TABLE `follow_up_dates` (
  `id` int(10) UNSIGNED NOT NULL,
  `content` varchar(191) COLLATE utf8mb4_unicode_ci NOT NULL,
  `patient_registration_no` varchar(191) COLLATE utf8mb4_unicode_ci NOT NULL,
  `visit_no` varchar(191) COLLATE utf8mb4_unicode_ci NOT NULL,
  `created_at` timestamp NULL DEFAULT NULL,
  `updated_at` timestamp NULL DEFAULT NULL
) ENGINE=MyISAM DEFAULT CHARSET=utf8mb4 COLLATE=utf8mb4_unicode_ci;

--
-- Dumping data for table `follow_up_dates`
--

INSERT INTO `follow_up_dates` (`id`, `content`, `patient_registration_no`, `visit_no`, `created_at`, `updated_at`) VALUES
(1, '2019-02-15', '1', '1', '2019-02-08 09:22:51', '2019-02-08 09:22:51'),
(2, '2019-02-15', '1', '1', '2019-02-08 11:22:37', '2019-02-08 11:22:37'),
(3, '2019-02-22', '2', '2', '2019-02-15 13:21:16', '2019-02-15 13:21:16'),
(4, '2019-02-25', '2', '2', '2019-02-18 11:54:21', '2019-02-18 11:54:21'),
(5, '2019-03-13', '3', '3', '2019-03-06 12:38:47', '2019-03-06 12:38:47'),
(6, '2019-04-10', '1', '1', '2019-04-03 14:36:53', '2019-04-03 14:36:53'),
(7, '2019-04-12', '1', '1', '2019-04-05 10:40:52', '2019-04-05 10:40:52'),
(8, '2019-05-21', '2', '2', '2019-05-14 08:35:57', '2019-05-14 08:35:57'),
(9, '2019-05-31', '1', '1', '2019-05-24 11:51:43', '2019-05-24 11:51:43'),
(10, '2019-08-06', '4', '4', '2019-07-30 11:44:23', '2019-07-30 11:44:23'),
(11, '2019-08-06', '2', '2', '2019-07-30 12:22:29', '2019-07-30 12:22:29'),
(12, '2019-12-12', '1', '1', '2019-12-05 09:29:56', '2019-12-05 09:29:56'),
(13, '2019-12-13', '1', '1', '2019-12-06 07:49:52', '2019-12-06 07:49:52'),
(14, '2019-12-13', '3', '3', '2019-12-06 08:23:17', '2019-12-06 08:23:17'),
(15, '2019-12-13', '2', '2', '2019-12-06 10:53:49', '2019-12-06 10:53:49'),
(16, '2020-02-19', '3', '3', '2020-02-12 08:24:34', '2020-02-12 08:24:34'),
(17, '2020-02-20', '4', '4', '2020-02-13 10:51:43', '2020-02-13 10:51:43'),
(18, '2020-02-25', '5', '5', '2020-02-18 16:42:41', '2020-02-18 16:42:41'),
(19, '2020-03-30', '6', '6', '2020-03-23 08:14:58', '2020-03-23 08:14:58'),
(20, '2020-04-01', '5', '5', '2020-03-25 09:21:02', '2020-03-25 09:21:02'),
(21, '2020-04-02', '2', '2', '2020-03-26 07:15:57', '2020-03-26 07:15:57');

-- --------------------------------------------------------

--
-- Table structure for table `glove_requests`
--

CREATE TABLE `glove_requests` (
  `id` int(10) UNSIGNED NOT NULL,
  `no_of_gloves` int(11) NOT NULL,
  `created_at` timestamp NULL DEFAULT NULL,
  `updated_at` timestamp NULL DEFAULT NULL
) ENGINE=MyISAM DEFAULT CHARSET=utf8mb4 COLLATE=utf8mb4_unicode_ci;

--
-- Dumping data for table `glove_requests`
--

INSERT INTO `glove_requests` (`id`, `no_of_gloves`, `created_at`, `updated_at`) VALUES
(1, 2, '2019-12-06 08:17:36', '2019-12-06 08:17:36'),
(2, 3, '2019-12-06 08:18:08', '2019-12-06 08:18:08'),
(3, 2, '2019-12-06 08:18:30', '2019-12-06 08:18:30');

-- --------------------------------------------------------

--
-- Table structure for table `histories`
--

CREATE TABLE `histories` (
  `id` int(10) UNSIGNED NOT NULL,
  `content` text COLLATE utf8mb4_unicode_ci,
  `patient_registration_no` varchar(191) COLLATE utf8mb4_unicode_ci NOT NULL,
  `visit_no` int(11) NOT NULL,
  `created_at` timestamp NULL DEFAULT NULL,
  `updated_at` timestamp NULL DEFAULT NULL
) ENGINE=MyISAM DEFAULT CHARSET=utf8mb4 COLLATE=utf8mb4_unicode_ci;

--
-- Dumping data for table `histories`
--

INSERT INTO `histories` (`id`, `content`, `patient_registration_no`, `visit_no`, `created_at`, `updated_at`) VALUES
(1, NULL, '1', 1, '2019-02-08 09:22:51', '2019-02-08 09:22:51'),
(2, NULL, '2', 1, '2019-02-08 11:22:37', '2019-02-08 11:22:37'),
(3, NULL, '4', 2, '2019-02-15 13:21:16', '2019-02-15 13:21:16'),
(4, NULL, '2', 2, '2019-02-18 11:54:21', '2019-02-18 11:54:21'),
(5, NULL, '2', 3, '2019-03-06 12:38:47', '2019-03-06 12:38:47'),
(6, NULL, '9', 1, '2019-04-03 14:36:53', '2019-04-03 14:36:53'),
(7, NULL, '10', 1, '2019-04-05 10:38:08', '2019-04-05 10:38:08'),
(8, NULL, '10', 1, '2019-04-05 10:38:36', '2019-04-05 10:38:36'),
(9, NULL, '10', 1, '2019-04-05 10:40:52', '2019-04-05 10:40:52'),
(10, 'Some history', '11', 1, '2019-05-13 14:10:11', '2019-05-13 14:10:11'),
(11, NULL, '11', 2, '2019-05-14 08:35:57', '2019-05-14 08:35:57'),
(12, NULL, '12', 1, '2019-05-24 11:51:42', '2019-05-24 11:51:42'),
(13, NULL, '2', 4, '2019-07-30 11:44:22', '2019-07-30 11:44:22'),
(14, NULL, '12', 2, '2019-07-30 12:22:29', '2019-07-30 12:22:29'),
(15, NULL, '13', 1, '2019-12-05 09:29:56', '2019-12-05 09:29:56'),
(16, NULL, '14', 1, '2019-12-06 07:49:51', '2019-12-06 07:49:51'),
(17, NULL, '4', 3, '2019-12-06 08:23:16', '2019-12-06 08:23:16'),
(18, NULL, '6', 2, '2019-12-06 10:53:49', '2019-12-06 10:53:49'),
(19, NULL, '12', 3, '2020-02-12 08:24:33', '2020-02-12 08:24:33'),
(20, 'asfsdf', '1', 4, '2020-02-13 10:51:43', '2020-02-13 10:51:43'),
(21, 'sdf', '2', 5, '2020-02-18 16:42:41', '2020-02-18 16:42:41'),
(22, NULL, '1', 6, '2020-03-23 08:14:58', '2020-03-23 08:14:58'),
(23, 'none', '10', 5, '2020-03-25 09:21:01', '2020-03-25 09:21:01'),
(24, 'none', '5', 2, '2020-03-26 07:15:57', '2020-03-26 07:15:57');

-- --------------------------------------------------------

--
-- Table structure for table `home_medicines`
--

CREATE TABLE `home_medicines` (
  `id` int(10) UNSIGNED NOT NULL,
  `content` text COLLATE utf8mb4_unicode_ci,
  `status` varchar(191) COLLATE utf8mb4_unicode_ci DEFAULT NULL,
  `patient_registration_no` varchar(191) COLLATE utf8mb4_unicode_ci NOT NULL,
  `visit_no` int(11) NOT NULL,
  `created_at` timestamp NULL DEFAULT NULL,
  `updated_at` timestamp NULL DEFAULT NULL
) ENGINE=MyISAM DEFAULT CHARSET=utf8mb4 COLLATE=utf8mb4_unicode_ci;

--
-- Dumping data for table `home_medicines`
--

INSERT INTO `home_medicines` (`id`, `content`, `status`, `patient_registration_no`, `visit_no`, `created_at`, `updated_at`) VALUES
(1, 'asdfasdfasdfadsfa', NULL, '1', 1, '2019-02-08 09:22:51', '2019-02-08 09:22:51'),
(2, 'adsfasdfaf', NULL, '2', 1, '2019-02-08 11:22:37', '2019-02-08 11:22:37'),
(3, NULL, NULL, '4', 2, '2019-02-15 13:21:16', '2019-02-15 13:21:16'),
(4, NULL, NULL, '2', 2, '2019-02-18 11:54:21', '2019-02-18 11:54:21'),
(5, NULL, NULL, '2', 3, '2019-03-06 12:38:47', '2019-03-06 12:38:47'),
(6, NULL, 'none', '9', 1, '2019-04-03 14:36:53', '2019-04-03 14:36:53'),
(7, NULL, NULL, '10', 1, '2019-04-05 10:38:08', '2019-04-05 10:38:08'),
(8, NULL, NULL, '10', 1, '2019-04-05 10:38:36', '2019-04-05 10:38:36'),
(9, NULL, NULL, '10', 1, '2019-04-05 10:40:52', '2019-04-05 10:40:52'),
(10, NULL, 'none', '11', 1, '2019-05-13 14:10:11', '2019-05-13 14:10:11'),
(11, NULL, NULL, '11', 2, '2019-05-14 08:35:57', '2019-05-14 08:35:57'),
(12, NULL, 'stopped', '12', 1, '2019-05-24 11:51:42', '2019-05-24 11:51:42'),
(13, NULL, NULL, '2', 4, '2019-07-30 11:44:22', '2019-07-30 11:44:22'),
(14, NULL, NULL, '12', 2, '2019-07-30 12:22:29', '2019-07-30 12:22:29'),
(15, NULL, NULL, '13', 1, '2019-12-05 09:29:56', '2019-12-05 09:29:56'),
(16, NULL, NULL, '14', 1, '2019-12-06 07:49:51', '2019-12-06 07:49:51'),
(17, NULL, NULL, '4', 3, '2019-12-06 08:23:16', '2019-12-06 08:23:16'),
(18, NULL, NULL, '6', 2, '2019-12-06 10:53:49', '2019-12-06 10:53:49'),
(19, NULL, NULL, '12', 3, '2020-02-12 08:24:33', '2020-02-12 08:24:33'),
(20, 'asdfasdf', NULL, '1', 4, '2020-02-13 10:51:43', '2020-02-13 10:51:43'),
(21, 'asdf', 'stopped', '2', 5, '2020-02-18 16:42:41', '2020-02-18 16:42:41'),
(22, NULL, 'none', '1', 6, '2020-03-23 08:14:58', '2020-03-23 08:14:58'),
(23, 'none', 'none', '10', 5, '2020-03-25 09:21:02', '2020-03-25 09:21:02'),
(24, NULL, NULL, '5', 2, '2020-03-26 07:15:57', '2020-03-26 07:15:57');

-- --------------------------------------------------------

--
-- Table structure for table `insurance`
--

CREATE TABLE `insurance` (
  `id` int(10) UNSIGNED NOT NULL,
  `patient_reg_no` varchar(191) COLLATE utf8mb4_unicode_ci NOT NULL,
  `company_name` varchar(191) COLLATE utf8mb4_unicode_ci NOT NULL,
  `insurance_type` varchar(191) COLLATE utf8mb4_unicode_ci NOT NULL,
  `created_at` timestamp NULL DEFAULT NULL,
  `updated_at` timestamp NULL DEFAULT NULL
) ENGINE=MyISAM DEFAULT CHARSET=utf8mb4 COLLATE=utf8mb4_unicode_ci;

-- --------------------------------------------------------

--
-- Table structure for table `insurance_companies`
--

CREATE TABLE `insurance_companies` (
  `id` int(10) UNSIGNED NOT NULL,
  `name` varchar(100) COLLATE utf8mb4_unicode_ci DEFAULT NULL,
  `address` varchar(100) COLLATE utf8mb4_unicode_ci DEFAULT NULL,
  `code` varchar(100) COLLATE utf8mb4_unicode_ci DEFAULT NULL,
  `contact_person` varchar(100) COLLATE utf8mb4_unicode_ci DEFAULT NULL,
  `contact_person_phone_no` varchar(100) COLLATE utf8mb4_unicode_ci DEFAULT NULL,
  `email` varchar(100) COLLATE utf8mb4_unicode_ci DEFAULT NULL,
  `created_at` timestamp NULL DEFAULT NULL,
  `updated_at` timestamp NULL DEFAULT NULL
) ENGINE=InnoDB DEFAULT CHARSET=utf8mb4 COLLATE=utf8mb4_unicode_ci;

--
-- Dumping data for table `insurance_companies`
--

INSERT INTO `insurance_companies` (`id`, `name`, `address`, `code`, `contact_person`, `contact_person_phone_no`, `email`, `created_at`, `updated_at`) VALUES
(1, 'Jubilee', 'Kenya', 'DCO', 'John Peter', '0754484731', 'john@email.com', '2020-03-09 12:13:58', '2020-03-09 12:41:51'),
(2, 'NHIF', 'Dar', 'Nhs', 'Msuya', '0763432211', 'msuya@gmail.com', '2020-03-09 12:41:37', '2020-03-09 12:41:37'),
(3, 'Tigo Insurance', 'Dar', 'TNI', 'Melvin Mgaya', '0874332211', 'mgayam@gmail.com', '2020-03-09 12:42:28', '2020-03-09 12:42:28');

-- --------------------------------------------------------

--
-- Table structure for table `insurance_company_disease_codes`
--

CREATE TABLE `insurance_company_disease_codes` (
  `id` int(10) UNSIGNED NOT NULL,
  `insurance_company_id` int(11) NOT NULL,
  `diagnosis_id` int(11) NOT NULL,
  `code` varchar(100) COLLATE utf8mb4_unicode_ci DEFAULT NULL,
  `created_at` timestamp NULL DEFAULT NULL,
  `updated_at` timestamp NULL DEFAULT NULL
) ENGINE=InnoDB DEFAULT CHARSET=utf8mb4 COLLATE=utf8mb4_unicode_ci;

-- --------------------------------------------------------

--
-- Table structure for table `insurance_company_patients`
--

CREATE TABLE `insurance_company_patients` (
  `id` int(10) UNSIGNED NOT NULL,
  `patient_registration_no` int(11) NOT NULL,
  `insurance_company_id` int(11) NOT NULL,
  `created_at` timestamp NULL DEFAULT NULL,
  `updated_at` timestamp NULL DEFAULT NULL
) ENGINE=InnoDB DEFAULT CHARSET=utf8mb4 COLLATE=utf8mb4_unicode_ci;

-- --------------------------------------------------------

--
-- Table structure for table `inventory_records`
--

CREATE TABLE `inventory_records` (
  `id` int(10) UNSIGNED NOT NULL,
  `name` varchar(100) COLLATE utf8mb4_unicode_ci DEFAULT NULL,
  `unit` varchar(100) COLLATE utf8mb4_unicode_ci DEFAULT NULL,
  `quantity` varchar(100) COLLATE utf8mb4_unicode_ci DEFAULT NULL,
  `created_at` timestamp NULL DEFAULT NULL,
  `updated_at` timestamp NULL DEFAULT NULL
) ENGINE=InnoDB DEFAULT CHARSET=utf8mb4 COLLATE=utf8mb4_unicode_ci;

--
-- Dumping data for table `inventory_records`
--

INSERT INTO `inventory_records` (`id`, `name`, `unit`, `quantity`, `created_at`, `updated_at`) VALUES
(3, 'Fridge', '1', '4', '2020-02-17 18:54:45', '2020-02-18 08:27:54'),
(5, 'Laptop', 'laptop', '12', '2020-02-17 18:57:54', '2020-02-17 18:57:54'),
(6, 'Bench', 'bench', '5', '2020-02-17 18:59:12', '2020-02-17 18:59:12');

-- --------------------------------------------------------

--
-- Table structure for table `known_patient_ofs`
--

CREATE TABLE `known_patient_ofs` (
  `id` int(10) UNSIGNED NOT NULL,
  `patient_registration_no` int(11) NOT NULL,
  `content` varchar(191) COLLATE utf8mb4_unicode_ci NOT NULL,
  `created_at` timestamp NULL DEFAULT NULL,
  `updated_at` timestamp NULL DEFAULT NULL
) ENGINE=MyISAM DEFAULT CHARSET=utf8mb4 COLLATE=utf8mb4_unicode_ci;

--
-- Dumping data for table `known_patient_ofs`
--

INSERT INTO `known_patient_ofs` (`id`, `patient_registration_no`, `content`, `created_at`, `updated_at`) VALUES
(1, 1, 'none', '2019-02-08 09:22:51', '2020-03-23 08:14:58'),
(2, 2, '', '2019-02-08 11:22:37', '2019-02-08 11:22:37'),
(3, 4, '', '2019-02-15 13:21:16', '2019-02-15 13:21:16'),
(4, 9, 'asth', '2019-04-03 14:36:53', '2019-04-03 14:36:53'),
(5, 10, 'none', '2019-04-05 10:38:09', '2020-03-25 09:21:02'),
(6, 11, 'nothing', '2019-05-13 14:10:11', '2019-05-13 14:10:11'),
(7, 12, '', '2019-05-24 11:51:42', '2019-05-24 11:51:42'),
(8, 13, '', '2019-12-05 09:29:56', '2019-12-05 09:29:56'),
(9, 14, '', '2019-12-06 07:49:52', '2019-12-06 07:49:52'),
(10, 6, '', '2019-12-06 10:53:49', '2019-12-06 10:53:49'),
(11, 5, '', '2020-03-26 07:15:57', '2020-03-26 07:15:57');

-- --------------------------------------------------------

--
-- Table structure for table `laboratory`
--

CREATE TABLE `laboratory` (
  `lab_id` int(10) UNSIGNED NOT NULL,
  `patient_reg_no` varchar(191) COLLATE utf8mb4_unicode_ci NOT NULL,
  `inv_requested` varchar(191) COLLATE utf8mb4_unicode_ci NOT NULL,
  `results` varchar(191) COLLATE utf8mb4_unicode_ci NOT NULL,
  `laboratorist_id` varchar(191) COLLATE utf8mb4_unicode_ci NOT NULL,
  `status` varchar(191) COLLATE utf8mb4_unicode_ci NOT NULL,
  `created_at` timestamp NULL DEFAULT NULL,
  `updated_at` timestamp NULL DEFAULT NULL
) ENGINE=MyISAM DEFAULT CHARSET=utf8mb4 COLLATE=utf8mb4_unicode_ci;

-- --------------------------------------------------------

--
-- Table structure for table `lab_daily_que`
--

CREATE TABLE `lab_daily_que` (
  `lab_que_id` int(10) UNSIGNED NOT NULL,
  `que_no` varchar(191) COLLATE utf8mb4_unicode_ci NOT NULL,
  `patient_reg_no` varchar(191) COLLATE utf8mb4_unicode_ci NOT NULL,
  `status` varchar(191) COLLATE utf8mb4_unicode_ci NOT NULL,
  `date` date NOT NULL,
  `created_at` timestamp NULL DEFAULT NULL,
  `updated_at` timestamp NULL DEFAULT NULL
) ENGINE=MyISAM DEFAULT CHARSET=utf8mb4 COLLATE=utf8mb4_unicode_ci;

-- --------------------------------------------------------

--
-- Table structure for table `lab_lists`
--

CREATE TABLE `lab_lists` (
  `id` int(10) UNSIGNED NOT NULL,
  `patient_registration_no` varchar(191) COLLATE utf8mb4_unicode_ci NOT NULL,
  `visit_no` int(11) NOT NULL,
  `billing_id` int(11) NOT NULL,
  `created_at` timestamp NULL DEFAULT NULL,
  `updated_at` timestamp NULL DEFAULT NULL,
  `queue_no` varchar(191) COLLATE utf8mb4_unicode_ci NOT NULL DEFAULT '0',
  `status` varchar(191) COLLATE utf8mb4_unicode_ci NOT NULL DEFAULT 'pending'
) ENGINE=MyISAM DEFAULT CHARSET=utf8mb4 COLLATE=utf8mb4_unicode_ci;

-- --------------------------------------------------------

--
-- Table structure for table `lab_queues`
--

CREATE TABLE `lab_queues` (
  `id` int(10) UNSIGNED NOT NULL,
  `queue_no` int(11) NOT NULL,
  `patient_registration_no` varchar(191) COLLATE utf8mb4_unicode_ci NOT NULL,
  `status` varchar(191) COLLATE utf8mb4_unicode_ci NOT NULL,
  `created_at` timestamp NULL DEFAULT NULL,
  `updated_at` timestamp NULL DEFAULT NULL
) ENGINE=MyISAM DEFAULT CHARSET=utf8mb4 COLLATE=utf8mb4_unicode_ci;

-- --------------------------------------------------------

--
-- Table structure for table `lab_results`
--

CREATE TABLE `lab_results` (
  `id` int(10) UNSIGNED NOT NULL,
  `patient_registration_no` varchar(191) COLLATE utf8mb4_unicode_ci NOT NULL,
  `visit_no` int(11) NOT NULL,
  `created_at` timestamp NULL DEFAULT NULL,
  `updated_at` timestamp NULL DEFAULT NULL
) ENGINE=MyISAM DEFAULT CHARSET=utf8mb4 COLLATE=utf8mb4_unicode_ci;

-- --------------------------------------------------------

--
-- Table structure for table `lab_tests`
--

CREATE TABLE `lab_tests` (
  `id` int(10) UNSIGNED NOT NULL,
  `name` varchar(191) COLLATE utf8mb4_unicode_ci NOT NULL,
  `price` varchar(191) COLLATE utf8mb4_unicode_ci NOT NULL,
  `created_at` timestamp NULL DEFAULT NULL,
  `updated_at` timestamp NULL DEFAULT NULL,
  `code` varchar(191) COLLATE utf8mb4_unicode_ci NOT NULL,
  `trashed` varchar(100) COLLATE utf8mb4_unicode_ci DEFAULT 'false'
) ENGINE=MyISAM DEFAULT CHARSET=utf8mb4 COLLATE=utf8mb4_unicode_ci;

--
-- Dumping data for table `lab_tests`
--

INSERT INTO `lab_tests` (`id`, `name`, `price`, `created_at`, `updated_at`, `code`, `trashed`) VALUES
(1, 'FBP', '1000', '2019-02-08 08:58:46', '2019-02-08 09:24:33', 'c', 'false'),
(2, 'Urinal', '1500', '2019-02-08 08:58:46', '2019-02-08 09:24:40', 'c', 'false'),
(3, 'Stool', '3000', '2019-02-08 08:58:46', '2019-02-08 09:24:48', 'c', 'false'),
(4, 'Test beta', '2000', '2019-07-30 07:28:04', '2019-07-30 11:43:58', '2r', 'true');

-- --------------------------------------------------------

--
-- Table structure for table `lab_test_records`
--

CREATE TABLE `lab_test_records` (
  `id` int(10) UNSIGNED NOT NULL,
  `patient_registration_no` varchar(191) COLLATE utf8mb4_unicode_ci NOT NULL,
  `visit_no` int(11) NOT NULL,
  `lab_test_id` varchar(191) COLLATE utf8mb4_unicode_ci DEFAULT NULL,
  `status` varchar(191) COLLATE utf8mb4_unicode_ci NOT NULL,
  `created_at` timestamp NULL DEFAULT NULL,
  `updated_at` timestamp NULL DEFAULT NULL,
  `result` text COLLATE utf8mb4_unicode_ci,
  `family_help_id` int(11) NOT NULL DEFAULT '0',
  `billing_id` int(11) NOT NULL DEFAULT '0'
) ENGINE=MyISAM DEFAULT CHARSET=utf8mb4 COLLATE=utf8mb4_unicode_ci;

--
-- Dumping data for table `lab_test_records`
--

INSERT INTO `lab_test_records` (`id`, `patient_registration_no`, `visit_no`, `lab_test_id`, `status`, `created_at`, `updated_at`, `result`, `family_help_id`, `billing_id`) VALUES
(1, '1', 1, '1', 'Paid', '2019-02-08 09:22:51', '2019-02-08 09:25:18', NULL, 0, 0),
(2, '1', 1, '2', 'Paid', '2019-02-08 09:22:51', '2019-02-08 09:25:18', NULL, 0, 0),
(3, '1', 1, '3', 'Paid', '2019-02-08 09:22:51', '2019-02-08 09:25:18', NULL, 0, 0),
(4, '2', 1, '1', 'pending', '2019-02-08 11:22:37', '2019-02-08 11:22:37', NULL, 0, 0),
(5, '2', 1, '2', 'pending', '2019-02-08 11:22:37', '2019-02-08 11:22:37', NULL, 0, 0),
(6, '4', 2, '2', 'Paid', '2019-02-15 07:53:57', '2019-02-15 08:04:11', NULL, 1, 0),
(7, '4', 2, '1', 'Paid', '2019-02-15 12:19:26', '2019-02-15 12:21:54', NULL, 2, 0),
(8, '4', 2, '2', 'Paid', '2019-02-15 12:19:26', '2019-02-15 12:21:54', NULL, 2, 0),
(9, '4', 2, '3', 'given', '2019-02-15 12:20:16', '2019-02-15 12:20:16', NULL, 2, 0),
(10, '4', 2, '1', 'Paid', '2019-02-15 12:57:37', '2019-02-15 13:44:20', NULL, 1, 22),
(11, '4', 2, '3', 'Paid', '2019-02-15 13:04:46', '2019-02-15 13:44:30', NULL, 1, 23),
(13, '2', 2, '2', 'Paid', '2019-02-18 11:33:01', '2019-02-18 11:54:56', NULL, 3, 27),
(12, '4', 2, '1', 'Paid', '2019-02-15 13:21:16', '2019-02-15 13:44:53', NULL, 0, 26),
(14, '2', 2, '3', 'Paid', '2019-02-18 11:54:21', '2019-02-18 12:08:59', NULL, 0, 29),
(15, '2', 3, '2', 'pending', '2019-03-06 11:48:18', '2019-03-06 11:48:18', NULL, 4, 31),
(16, '2', 3, '2', 'pending', '2019-03-06 12:01:05', '2019-03-06 12:01:05', NULL, 5, 33),
(17, '2', 3, '2', 'Paid', '2019-03-06 12:38:47', '2019-03-06 12:39:15', NULL, 0, 35),
(18, '9', 1, '1', 'pending', '2019-04-03 14:36:53', '2019-04-03 14:36:53', NULL, 0, 40),
(19, '9', 1, '2', 'pending', '2019-04-03 14:36:53', '2019-04-03 14:36:53', NULL, 0, 40),
(20, '9', 1, '3', 'pending', '2019-04-03 14:36:53', '2019-04-03 14:36:53', NULL, 0, 40),
(21, '10', 1, '1', 'pending', '2019-04-05 10:38:09', '2019-04-05 10:38:09', NULL, 0, 42),
(22, '10', 1, '2', 'pending', '2019-04-05 10:38:09', '2019-04-05 10:38:09', NULL, 0, 42),
(23, '10', 1, '3', 'pending', '2019-04-05 10:38:09', '2019-04-05 10:38:09', NULL, 0, 42),
(24, '10', 1, '1', 'pending', '2019-04-05 10:38:36', '2019-04-05 10:38:36', NULL, 0, 44),
(25, '10', 1, '2', 'pending', '2019-04-05 10:38:36', '2019-04-05 10:38:36', NULL, 0, 44),
(26, '10', 1, '3', 'pending', '2019-04-05 10:38:36', '2019-04-05 10:38:36', NULL, 0, 44),
(27, '1', 3, '2', 'pending', '2019-04-05 10:41:43', '2019-04-05 10:41:43', NULL, 0, 46),
(28, '11', 1, '1', 'pending', '2019-05-13 14:08:35', '2019-05-13 14:08:35', NULL, 6, 47),
(29, '11', 1, '2', 'pending', '2019-05-13 14:08:35', '2019-05-13 14:08:35', NULL, 6, 47),
(30, '11', 1, '1', 'pending', '2019-05-13 14:10:12', '2019-05-13 14:10:12', NULL, 0, 49),
(31, '11', 1, '2', 'pending', '2019-05-13 14:10:12', '2019-05-13 14:10:12', NULL, 0, 49),
(32, '11', 2, '1', 'Paid', '2019-05-14 08:35:57', '2019-05-14 09:07:54', NULL, 0, 51),
(33, '11', 2, '2', 'Paid', '2019-05-14 08:35:57', '2019-05-14 09:07:54', NULL, 0, 51),
(34, '12', 1, '1', 'Paid', '2019-05-24 11:51:43', '2019-05-24 11:53:37', NULL, 0, 53),
(35, '12', 1, '2', 'Paid', '2019-05-24 11:51:43', '2019-05-24 11:53:37', NULL, 0, 53),
(36, '12', 1, '2', 'pending', '2019-06-12 11:12:18', '2019-06-12 11:12:18', NULL, 7, 55),
(37, '12', 1, '1', 'Paid', '2019-06-13 12:12:18', '2019-06-13 12:13:12', NULL, 8, 57),
(38, '2', 4, '1', 'Paid', '2019-07-30 11:44:22', '2019-07-30 12:09:03', NULL, 0, 59),
(39, '13', 1, '1', 'pending', '2019-12-05 09:29:56', '2019-12-05 09:29:56', NULL, 0, 65),
(40, '14', 1, '1', 'Paid', '2019-12-06 07:49:52', '2019-12-06 07:50:07', NULL, 0, 67),
(41, '12', 3, '1', 'pending', '2020-02-12 08:24:34', '2020-02-12 08:24:34', NULL, 0, 70),
(42, '12', 3, '2', 'pending', '2020-02-12 08:24:34', '2020-02-12 08:24:34', NULL, 0, 70),
(43, '12', 3, '3', 'pending', '2020-02-12 08:24:34', '2020-02-12 08:24:34', NULL, 0, 70),
(44, '1', 4, '1', 'Paid', '2020-02-13 10:51:43', '2020-02-13 10:52:46', NULL, 0, 72),
(45, '1', 4, '2', 'Paid', '2020-02-13 10:51:43', '2020-02-13 10:52:46', NULL, 0, 72),
(46, '2', 5, '1', 'pending', '2020-02-18 16:42:41', '2020-02-18 16:42:41', NULL, 0, 74),
(47, '2', 5, '2', 'pending', '2020-02-18 16:42:41', '2020-02-18 16:42:41', NULL, 0, 74),
(48, '2', 5, '3', 'pending', '2020-02-18 16:42:41', '2020-02-18 16:42:41', NULL, 0, 74),
(49, '1', 7, '1', 'Paid', '2020-03-24 10:55:31', '2020-03-24 10:55:31', NULL, 0, 83),
(50, '1', 7, '2', 'Paid', '2020-03-24 10:55:31', '2020-03-24 10:55:31', NULL, 0, 83),
(51, '5', 2, '1', 'Paid', '2020-03-24 14:41:27', '2020-03-24 14:41:27', NULL, 0, 84),
(52, '5', 2, '2', 'Paid', '2020-03-24 14:41:27', '2020-03-24 14:41:27', NULL, 0, 84),
(53, '5', 2, '3', 'Paid', '2020-03-24 14:41:27', '2020-03-24 14:41:27', NULL, 0, 84),
(54, '5', 2, '4', 'Paid', '2020-03-24 14:41:27', '2020-03-24 14:41:27', NULL, 0, 84),
(55, '5', 2, '1', 'Paid', '2020-03-24 14:42:22', '2020-03-24 14:42:22', NULL, 0, 85),
(56, '5', 2, '2', 'Paid', '2020-03-24 14:42:22', '2020-03-24 14:42:22', NULL, 0, 85),
(57, '5', 2, '3', 'Paid', '2020-03-24 14:42:22', '2020-03-24 14:42:22', NULL, 0, 85),
(58, '5', 2, '4', 'Paid', '2020-03-24 14:42:22', '2020-03-24 14:42:22', NULL, 0, 85),
(59, '17', 1, '1', 'Paid', '2020-03-24 14:50:26', '2020-03-24 14:50:26', NULL, 0, 86),
(60, '17', 1, '2', 'Paid', '2020-03-24 14:50:26', '2020-03-24 14:50:26', NULL, 0, 86),
(61, '17', 1, '3', 'Paid', '2020-03-24 14:50:26', '2020-03-24 14:50:26', NULL, 0, 86),
(62, '17', 1, '4', 'done', '2020-03-24 14:50:26', '2020-03-24 14:51:56', 'none', 0, 86),
(63, '10', 5, '1', 'Paid', '2020-03-25 09:21:02', '2020-03-25 13:14:15', NULL, 0, 100),
(64, '10', 5, '2', 'Paid', '2020-03-25 09:21:02', '2020-03-25 13:14:15', NULL, 0, 100);

-- --------------------------------------------------------

--
-- Table structure for table `l_p_os`
--

CREATE TABLE `l_p_os` (
  `id` int(10) UNSIGNED NOT NULL,
  `created_at` timestamp NULL DEFAULT NULL,
  `updated_at` timestamp NULL DEFAULT NULL,
  `user_id` int(11) NOT NULL,
  `supplier_id` int(11) NOT NULL,
  `status` varchar(191) COLLATE utf8mb4_unicode_ci NOT NULL DEFAULT 'created',
  `terms` varchar(191) COLLATE utf8mb4_unicode_ci NOT NULL DEFAULT 'cash',
  `received_date` varchar(100) COLLATE utf8mb4_unicode_ci DEFAULT NULL,
  `sale_type` varchar(100) COLLATE utf8mb4_unicode_ci DEFAULT NULL,
  `sale_number` varchar(100) COLLATE utf8mb4_unicode_ci DEFAULT NULL
) ENGINE=MyISAM DEFAULT CHARSET=utf8mb4 COLLATE=utf8mb4_unicode_ci;

--
-- Dumping data for table `l_p_os`
--

INSERT INTO `l_p_os` (`id`, `created_at`, `updated_at`, `user_id`, `supplier_id`, `status`, `terms`, `received_date`, `sale_type`, `sale_number`) VALUES
(1, '2020-02-06 11:17:56', '2020-02-06 11:17:56', 0, 0, 'created', 'cash', NULL, NULL, NULL),
(2, '2020-02-06 11:18:39', '2020-02-06 11:18:39', 0, 0, 'created', 'cash', NULL, NULL, NULL),
(3, '2020-02-06 11:18:53', '2020-02-06 11:18:53', 0, 0, 'created', 'cash', NULL, NULL, NULL),
(4, '2020-02-06 11:19:21', '2020-02-06 11:19:21', 0, 0, 'created', 'cash', NULL, NULL, NULL),
(5, '2020-02-06 11:20:52', '2020-02-06 11:20:52', 0, 0, 'created', 'cash', NULL, NULL, NULL),
(6, '2020-02-06 11:22:48', '2020-02-06 11:22:48', 0, 0, 'created', 'cash', NULL, NULL, NULL),
(7, '2020-02-06 11:23:12', '2020-02-06 11:23:12', 0, 0, 'created', 'cash', NULL, NULL, NULL),
(8, '2020-02-06 11:23:51', '2020-02-06 11:23:51', 0, 0, 'created', 'cash', NULL, NULL, NULL),
(9, '2020-02-06 11:35:31', '2020-02-06 12:05:34', 1, 1, 'received', 'cash', NULL, NULL, NULL),
(10, '2020-02-06 11:50:10', '2020-02-17 17:04:38', 1, 1, 'received', 'cash', NULL, NULL, NULL),
(11, '2020-02-06 13:35:24', '2020-02-06 13:35:24', 1, 1, 'created', 'cash', NULL, NULL, NULL),
(12, '2020-02-06 13:37:07', '2020-02-27 09:01:11', 1, 1, 'received', 'credit', NULL, NULL, NULL),
(13, '2020-03-12 14:20:51', '2020-03-12 14:21:52', 1, 7, 'received', 'credit', NULL, NULL, NULL),
(14, '2020-03-12 14:21:46', '2020-03-12 14:21:46', 1, 7, 'created', 'credit', NULL, NULL, NULL),
(15, '2020-03-26 11:31:34', '2020-03-26 11:31:34', 1, 8, 'created', 'cash', NULL, NULL, NULL),
(16, '2020-05-25 17:22:29', '2020-05-25 17:24:34', 1, 1, 'cancelled', 'cash', NULL, NULL, NULL),
(17, '2020-05-25 17:23:55', '2020-05-25 17:23:55', 1, 1, 'created', 'cash', NULL, NULL, NULL);

-- --------------------------------------------------------

--
-- Table structure for table `l_p_o_items`
--

CREATE TABLE `l_p_o_items` (
  `id` int(10) UNSIGNED NOT NULL,
  `l_p_o_id` int(11) NOT NULL,
  `medicine_id` int(11) NOT NULL,
  `quantity` varchar(191) COLLATE utf8mb4_unicode_ci NOT NULL,
  `price` varchar(191) COLLATE utf8mb4_unicode_ci NOT NULL,
  `type` varchar(191) COLLATE utf8mb4_unicode_ci NOT NULL,
  `reason` varchar(100) COLLATE utf8mb4_unicode_ci DEFAULT NULL,
  `sale_status` varchar(100) COLLATE utf8mb4_unicode_ci DEFAULT NULL,
  `received_quantity` varchar(100) COLLATE utf8mb4_unicode_ci DEFAULT NULL,
  `created_at` timestamp NULL DEFAULT NULL,
  `updated_at` timestamp NULL DEFAULT NULL
) ENGINE=InnoDB DEFAULT CHARSET=utf8mb4 COLLATE=utf8mb4_unicode_ci;

--
-- Dumping data for table `l_p_o_items`
--

INSERT INTO `l_p_o_items` (`id`, `l_p_o_id`, `medicine_id`, `quantity`, `price`, `type`, `reason`, `sale_status`, `received_quantity`, `created_at`, `updated_at`) VALUES
(1, 9, 1, '2', '46824682468', 'medicine', NULL, NULL, NULL, '2020-02-06 11:35:31', '2020-02-06 11:35:31'),
(2, 9, 2, '1', '400', 'medicine', NULL, NULL, NULL, '2020-02-06 11:35:31', '2020-02-06 11:35:31'),
(3, 10, 1, '23', '538483848382', 'medicine', NULL, NULL, NULL, '2020-02-06 11:50:10', '2020-02-06 11:50:10'),
(6, 12, 1, '2', '46824682468', 'medicine', NULL, NULL, NULL, '2020-02-06 13:37:07', '2020-02-06 13:37:07'),
(7, 13, 1, '5', '15', 'medicine', NULL, NULL, NULL, '2020-03-12 14:20:51', '2020-03-12 14:20:51'),
(8, 14, 1, '2', '6', 'medicine', NULL, NULL, NULL, '2020-03-12 14:21:46', '2020-03-12 14:21:46'),
(9, 15, 1, '2', '2400', 'medicine', NULL, NULL, NULL, '2020-03-26 11:31:34', '2020-03-26 11:31:34'),
(10, 15, 2, '3', '4500', 'medicine', NULL, NULL, NULL, '2020-03-26 11:31:34', '2020-03-26 11:31:34'),
(11, 15, 1, '2', '4000', 'equipment', NULL, NULL, NULL, '2020-03-26 11:31:34', '2020-03-26 11:31:34'),
(12, 16, 2, '2', '800', 'medicine', NULL, NULL, NULL, '2020-05-25 17:22:29', '2020-05-25 17:22:29'),
(13, 17, 2, '2', '800', 'medicine', NULL, NULL, NULL, '2020-05-25 17:23:55', '2020-05-25 17:23:55'),
(14, 17, 1, '10', '50000', 'equipment', NULL, NULL, NULL, '2020-05-25 17:23:55', '2020-05-25 17:23:55'),
(18, 11, 1, '5', '117061706170', 'medicine', NULL, NULL, NULL, '2020-05-25 21:38:45', '2020-05-25 21:38:45'),
(19, 11, 2, '15', '6000', 'medicine', NULL, NULL, NULL, '2020-05-25 21:38:45', '2020-05-25 21:38:45'),
(20, 11, 1, '15', '75000', 'equipment', NULL, NULL, NULL, '2020-05-25 21:38:45', '2020-05-25 21:38:45');

-- --------------------------------------------------------

--
-- Table structure for table `medicines`
--

CREATE TABLE `medicines` (
  `name` varchar(191) COLLATE utf8mb4_unicode_ci NOT NULL,
  `medicine_category_id` varchar(191) COLLATE utf8mb4_unicode_ci NOT NULL,
  `description` mediumtext COLLATE utf8mb4_unicode_ci,
  `selling_price` decimal(8,2) NOT NULL,
  `created_at` timestamp NULL DEFAULT NULL,
  `updated_at` timestamp NULL DEFAULT NULL,
  `purchasing_unit_name` varchar(191) COLLATE utf8mb4_unicode_ci NOT NULL,
  `selling_unit_name` varchar(191) COLLATE utf8mb4_unicode_ci NOT NULL,
  `predefined_value` varchar(191) COLLATE utf8mb4_unicode_ci DEFAULT NULL,
  `code` varchar(191) COLLATE utf8mb4_unicode_ci NOT NULL,
  `id` int(10) UNSIGNED NOT NULL,
  `trashed` varchar(100) COLLATE utf8mb4_unicode_ci DEFAULT 'false',
  `quantity_per_unit` varchar(100) COLLATE utf8mb4_unicode_ci NOT NULL,
  `unit_purchasing_price` varchar(100) COLLATE utf8mb4_unicode_ci NOT NULL,
  `code_2` varchar(100) COLLATE utf8mb4_unicode_ci DEFAULT NULL,
  `mgs_per_tablet` varchar(191) COLLATE utf8mb4_unicode_ci NOT NULL DEFAULT '0'
) ENGINE=MyISAM DEFAULT CHARSET=utf8mb4 COLLATE=utf8mb4_unicode_ci;

--
-- Dumping data for table `medicines`
--

INSERT INTO `medicines` (`name`, `medicine_category_id`, `description`, `selling_price`, `created_at`, `updated_at`, `purchasing_unit_name`, `selling_unit_name`, `predefined_value`, `code`, `id`, `trashed`, `quantity_per_unit`, `unit_purchasing_price`, `code_2`, `mgs_per_tablet`) VALUES
('asd', '1', 'asdfas', '2323.00', '2019-02-08 09:23:39', '2019-04-03 14:51:17', 'sdafsdf', 'asdfa', NULL, 'asdf', 1, 'true', '23', '23234', 'asdfasf', '0'),
('asdf', '4', 'sdfqwr asdf wq3r ef asdf asf asdf asdf asdf asdf asd fasdf ads fas asdfasdf ad asdf asdf ad asdf asd fads fasd fa a f', '333.00', '2019-02-14 12:08:21', '2019-02-14 12:08:21', 'tab', 'tab', NULL, 'asdf', 2, 'false', '12', '33', 'dasdf', '20');

-- --------------------------------------------------------

--
-- Table structure for table `medicine_category`
--

CREATE TABLE `medicine_category` (
  `id` int(10) UNSIGNED NOT NULL,
  `name` varchar(191) COLLATE utf8mb4_unicode_ci NOT NULL,
  `description` mediumtext COLLATE utf8mb4_unicode_ci,
  `created_at` timestamp NULL DEFAULT NULL,
  `updated_at` timestamp NULL DEFAULT NULL
) ENGINE=MyISAM DEFAULT CHARSET=utf8mb4 COLLATE=utf8mb4_unicode_ci;

--
-- Dumping data for table `medicine_category`
--

INSERT INTO `medicine_category` (`id`, `name`, `description`, `created_at`, `updated_at`) VALUES
(1, 'Syrup', NULL, '2019-02-08 08:58:46', '2019-02-08 08:58:46'),
(2, 'Injection', NULL, '2019-02-08 08:58:46', '2019-02-08 08:58:46'),
(3, 'Cream', NULL, '2019-02-08 08:58:46', '2019-02-08 08:58:46'),
(4, 'Tablet', NULL, '2019-02-08 08:58:46', '2019-02-08 08:58:46');

-- --------------------------------------------------------

--
-- Table structure for table `medicine_records`
--

CREATE TABLE `medicine_records` (
  `id` int(10) UNSIGNED NOT NULL,
  `medicine_id` varchar(191) COLLATE utf8mb4_unicode_ci DEFAULT NULL,
  `patient_registration_no` varchar(191) COLLATE utf8mb4_unicode_ci NOT NULL,
  `visit_no` int(11) NOT NULL,
  `quantity` varchar(191) COLLATE utf8mb4_unicode_ci DEFAULT NULL,
  `perday` varchar(191) COLLATE utf8mb4_unicode_ci DEFAULT NULL,
  `days` varchar(191) COLLATE utf8mb4_unicode_ci DEFAULT NULL,
  `created_at` timestamp NULL DEFAULT NULL,
  `updated_at` timestamp NULL DEFAULT NULL,
  `status` varchar(191) COLLATE utf8mb4_unicode_ci NOT NULL DEFAULT 'Not Taken',
  `total` varchar(100) COLLATE utf8mb4_unicode_ci DEFAULT NULL,
  `family_help_id` int(11) NOT NULL DEFAULT '0',
  `dose_with_unit` varchar(100) COLLATE utf8mb4_unicode_ci DEFAULT NULL,
  `billing_id` int(11) NOT NULL DEFAULT '0'
) ENGINE=MyISAM DEFAULT CHARSET=utf8mb4 COLLATE=utf8mb4_unicode_ci;

--
-- Dumping data for table `medicine_records`
--

INSERT INTO `medicine_records` (`id`, `medicine_id`, `patient_registration_no`, `visit_no`, `quantity`, `perday`, `days`, `created_at`, `updated_at`, `status`, `total`, `family_help_id`, `dose_with_unit`, `billing_id`) VALUES
(1, '1', '1', 1, '44', '4', '4/7', '2019-02-08 09:26:54', '2019-02-08 09:26:54', 'Not Taken', '2', 0, NULL, 0),
(2, '1', '2', 1, '23', '2', '2/7', '2019-02-08 11:22:37', '2019-02-08 11:22:37', 'Not Taken', '92', 0, NULL, 0),
(4, '1', '2', 1, '2', '2', '2/7', '2019-02-14 11:15:57', '2019-02-14 11:15:57', 'Not Taken', '8', 0, NULL, 0),
(5, '2', '2', 1, '12', '02', '02/7', '2019-02-14 13:03:19', '2019-02-14 13:03:19', 'Not Taken', '48', 0, '12:', 0),
(6, '2', '2', 1, '12', '02', '02/7', '2019-02-14 13:10:24', '2019-02-14 13:10:24', 'Not Taken', '48', 0, '12:', 0),
(7, '2', '2', 1, '12', '02', '02/7', '2019-02-14 13:11:26', '2019-02-14 13:11:26', 'Not Taken', '48', 0, '12:', 0),
(8, '2', '2', 1, '12', '02', '02/7', '2019-02-14 13:11:52', '2019-02-14 13:11:52', 'Not Taken', '48', 0, '12:', 0),
(9, '2', '2', 1, '12', '02', '02/7', '2019-02-14 13:12:42', '2019-02-14 13:12:42', 'Not Taken', '48', 0, '12:', 0),
(10, '2', '2', 1, '12', '02', '02/7', '2019-02-14 13:13:36', '2019-02-14 13:13:36', 'Not Taken', '48', 0, '12:', 0),
(11, '2', '2', 1, '12', '02', '02/7', '2019-02-14 13:15:23', '2019-02-14 13:15:23', 'Not Taken', '48', 0, '12:', 0),
(12, '2', '2', 1, '12', '02', '02/7', '2019-02-14 13:18:06', '2019-02-14 13:18:06', 'Not Taken', '48', 0, '12:', 0),
(13, '2', '2', 1, '12', '02', '02/7', '2019-02-14 13:25:00', '2019-02-14 13:25:00', 'Not Taken', '48', 0, '12:', 0),
(14, '2', '4', 2, '2', '2', '2/7', '2019-02-15 07:53:57', '2019-02-15 08:04:50', 'Refused', '8', 1, '2:', 0),
(15, '2', '4', 2, '1', '2', '2/7', '2019-02-15 07:53:57', '2019-02-15 13:57:12', 'Given', '4', 1, '20:', 0),
(16, '1', '4', 2, '2', '3', '3/7', '2019-02-15 07:53:57', '2019-02-15 13:57:12', 'Given', '2', 1, '30:', 0),
(17, '1', '4', 2, '1', '2', '2/7', '2019-02-15 12:19:27', '2019-02-15 12:22:18', 'Refused', '1', 2, '130:', 0),
(18, '2', '4', 2, '3', '3', '3/7', '2019-02-15 12:19:27', '2019-02-15 12:22:18', 'Refused', '27', 2, '3:', 0),
(19, '2', '4', 2, '3', '4', '2/7', '2019-02-15 12:19:27', '2019-02-15 13:57:26', 'Given', '24', 2, '60:', 0),
(20, '1', '4', 2, '2', '2', '2/7', '2019-02-15 12:21:01', '2019-02-15 13:57:26', 'Given', '2', 2, '12:', 0),
(21, '2', '4', 2, '2', '3', '3/7', '2019-02-15 12:21:01', '2019-02-15 13:57:26', 'Given', '18', 2, '40:', 0),
(22, '2', '4', 2, '2', '2', '2/7', '2019-02-15 13:08:18', '2019-02-15 13:57:32', 'Given', '8', 1, '2:', 24),
(23, '1', '4', 2, '1', '2', '2/7', '2019-02-15 13:09:02', '2019-02-15 13:57:13', 'Given', '1', 1, '12:', 25),
(24, '2', '2', 2, '6', '2', '2/7', '2019-02-18 11:33:01', '2019-02-18 13:44:51', 'Given', '24', 3, '120:', 28),
(25, '1', '2', 2, '1', '3', '3/7', '2019-02-18 11:33:01', '2019-02-18 13:44:51', 'Given', '1', 3, '20:', 28),
(26, '2', '2', 2, '1', '1', '01/52', '2019-02-18 11:54:21', '2019-02-18 13:44:36', 'Given', '7', 0, '1:', 30),
(27, '1', '2', 3, NULL, '22', '02/7', '2019-03-06 11:48:18', '2019-03-06 11:48:18', 'Not Taken', '2', 4, '23:1', 32),
(28, '2', '2', 3, NULL, '2', '2/7', '2019-03-06 12:01:05', '2019-03-06 12:01:05', 'Not Taken', '2', 5, '3:as', 34),
(29, '2', '2', 3, NULL, '02', '0/7', '2019-03-06 12:01:05', '2019-03-06 12:01:05', 'Not Taken', '3', 5, '3:wewe', 34),
(30, '2', '2', 3, NULL, '3', '03/7', '2019-03-06 13:13:35', '2019-03-06 13:14:04', 'Paid', '3', 0, '3:3', 36),
(31, '1', '2', 3, NULL, '2', '02/7', '2019-03-06 13:14:58', '2019-03-06 13:14:58', 'Not Taken', '2', 0, '2:1', 37),
(32, '2', '2', 3, NULL, '12', '02/7', '2019-03-06 13:15:38', '2019-03-06 13:15:38', 'Not Taken', '2', 0, '12:1', 38),
(33, '2', '2', 3, NULL, '01', '02/7', '2019-03-06 13:16:02', '2019-03-06 13:16:02', 'Not Taken', '3', 0, '222:1', 39),
(34, '2', '9', 1, '23', '2', '2/7', '2019-04-03 14:39:52', '2019-04-03 14:39:52', 'Not Taken', '4', 0, ':2', 41),
(35, '1', '11', 1, '12', '5', '3/7', '2019-05-13 14:08:35', '2019-05-13 14:08:35', 'Not Taken', '12', 6, ':2', 48),
(36, '2', '11', 2, '2', '2', '2/7', '2019-05-14 08:35:57', '2019-05-14 09:04:28', 'Given', '8', 0, ':8', 52),
(37, '1', '11', 2, '1', '2', '2/7', '2019-05-14 08:35:57', '2019-05-14 09:04:29', 'Given', '4', 0, NULL, 52),
(38, '2', '12', 1, '12', '2', '2/7', '2019-05-24 11:59:23', '2019-05-24 11:59:23', 'Not Taken', '3', 0, ':4', 54),
(39, '2', '12', 1, '2', '2', '2/7', '2019-06-12 11:12:19', '2019-06-12 11:12:19', 'Not Taken', '2', 7, '2:1', 56),
(40, '2', '12', 1, '2', '2', '2/7', '2019-06-13 12:12:18', '2019-06-13 12:17:05', 'Given', '8', 8, '8:1', 58),
(41, '1', '2', 4, '2', '2', '2/7', '2019-07-30 11:52:05', '2019-07-30 12:10:23', 'Given', '1', 0, '1:1', 60),
(42, '2', '12', 2, '2', '2', '2/7', '2019-07-30 12:22:29', '2019-07-30 12:23:05', 'Paid', '4', 0, '4:8', 61),
(43, '1', '12', 2, '3', '3', '3/7', '2019-07-30 12:22:29', '2019-07-30 12:23:05', 'Paid', '2', 0, NULL, 61),
(44, '1', '12', 2, '2', '2', '2/7', '2019-07-30 12:24:25', '2019-07-30 12:24:25', 'Not Taken', '3', 0, '3:1', 62),
(45, '1', '12', 2, '2', '2', '2/7', '2019-07-30 12:32:55', '2019-07-30 12:32:55', 'Not Taken', '3', 0, '2:1', 64),
(46, '2', '12', 2, '3', '3', '3/7', '2019-07-30 12:32:55', '2019-07-30 12:32:55', 'Not Taken', '5', 0, '3:8', 64),
(47, '1', '13', 1, '8', '2', '2/7', '2019-12-05 09:29:56', '2019-12-05 09:29:56', 'Not Taken', '4', 0, '8:1', 66),
(48, '1', '14', 1, '2', '2', '2/7', '2019-12-06 08:22:10', '2019-12-06 08:22:10', 'Not Taken', '8', 0, '2:1', 68),
(49, '2', '14', 1, '2', '2', '2/7', '2019-12-06 08:22:10', '2019-12-06 08:22:10', 'Not Taken', '2', 0, '2:2', 68),
(50, '2', '4', 3, '2', '2', '2/7', '2019-12-06 08:23:17', '2019-12-06 08:23:17', 'Not Taken', '8', 0, '2:2', 69),
(51, '1', '4', 3, '3', '2', '2/7', '2019-12-06 08:23:17', '2019-12-06 08:23:17', 'Not Taken', '12', 0, NULL, 69),
(52, '1', '12', 3, '2', '2', '2/7', '2020-02-12 08:24:34', '2020-02-12 08:24:34', 'Not Taken', '8', 0, '2:2', 71),
(53, '2', '12', 3, '2', '22', '2/7', '2020-02-12 08:24:34', '2020-02-12 08:24:34', 'Not Taken', '5', 0, NULL, 71),
(54, '2', '1', 4, '2', '2', '2/7', '2020-02-13 10:51:43', '2020-02-13 11:00:02', 'Given', '8', 0, '2:2', 73),
(55, '2', '2', 5, '2', '2', '2/7', '2020-02-18 16:42:41', '2020-02-18 16:42:41', 'Not Taken', '8', 0, '2:1', 75),
(56, '2', '1', 6, '2', '3', '3/7', '2020-03-23 08:14:58', '2020-03-23 08:15:41', 'Given', '30', 0, '2:1', 76),
(57, '2', '1', 6, '2', '3', '3/7', '2020-03-23 08:17:44', '2020-03-23 08:18:31', 'Given', '40', 0, '2:1', 77),
(58, '2', '1', 6, '1', '3', '3/7', '2020-03-23 08:19:51', '2020-03-23 08:20:23', 'Given', '40', 0, '1:1', 78),
(59, '2', '1', 6, '2', '2', '2/7', '2020-03-24 09:48:41', '2020-03-24 09:48:41', 'Not Taken', '12', 0, '2:1', 79),
(60, '2', '16', 2, '2', '3', '4\\7', '2020-03-24 10:11:01', '2020-03-24 10:11:01', 'Paid', '24', 0, '2:2', 81),
(61, '1', '16', 2, '10', '2', '2\\7', '2020-03-24 10:11:01', '2020-03-24 10:11:01', 'Paid', '1', 0, '10:1', 81),
(62, '2', '3', 6, '2', '2', '2\\7', '2020-03-24 10:12:37', '2020-03-24 10:12:37', 'Paid', '8', 0, '2:4', 82),
(63, '1', '10', 5, '3', '2', '3/7', '2020-03-25 09:21:02', '2020-03-25 13:17:10', 'Refused', '18', 0, '3:1', 101),
(64, '2', '10', 5, '2', '1', '3/7', '2020-03-25 09:21:02', '2020-03-25 13:17:10', 'Paid', '6', 0, NULL, 101);

-- --------------------------------------------------------

--
-- Table structure for table `medicine_stock_batches`
--

CREATE TABLE `medicine_stock_batches` (
  `id` int(10) UNSIGNED NOT NULL,
  `medicine_id` int(11) NOT NULL,
  `number_of_units_bought` varchar(100) COLLATE utf8mb4_unicode_ci NOT NULL,
  `total_price` varchar(100) COLLATE utf8mb4_unicode_ci NOT NULL,
  `total_quantity` varchar(100) COLLATE utf8mb4_unicode_ci NOT NULL,
  `expiry_date` date DEFAULT NULL,
  `batch_number` varchar(100) COLLATE utf8mb4_unicode_ci NOT NULL,
  `remaining_quantity` varchar(100) COLLATE utf8mb4_unicode_ci NOT NULL,
  `unit_purchasing_price` varchar(100) COLLATE utf8mb4_unicode_ci NOT NULL,
  `created_at` timestamp NULL DEFAULT NULL,
  `updated_at` timestamp NULL DEFAULT NULL
) ENGINE=MyISAM DEFAULT CHARSET=utf8mb4 COLLATE=utf8mb4_unicode_ci;

--
-- Dumping data for table `medicine_stock_batches`
--

INSERT INTO `medicine_stock_batches` (`id`, `medicine_id`, `number_of_units_bought`, `total_price`, `total_quantity`, `expiry_date`, `batch_number`, `remaining_quantity`, `unit_purchasing_price`, `created_at`, `updated_at`) VALUES
(1, 1, '10', '232340', '230', '2017-02-02', 'wertwr', '219', '23234', '2019-02-08 09:26:38', '2019-07-30 12:10:23'),
(2, 2, '100', '3300', '1200', '2019-02-07', 'raew', '981', '33', '2019-02-14 12:08:57', '2020-03-23 08:20:23'),
(3, 2, '3', '99', '36', '2020-04-04', '4444', '36', '33', '2020-03-23 08:16:15', '2020-03-23 08:16:15');

-- --------------------------------------------------------

--
-- Table structure for table `medicine_stock_batch_medicine_stock_uses`
--

CREATE TABLE `medicine_stock_batch_medicine_stock_uses` (
  `id` int(10) UNSIGNED NOT NULL,
  `medicine_stock_batch_id` int(11) NOT NULL,
  `medicine_stock_use_id` int(11) NOT NULL,
  `used_quantity` varchar(100) COLLATE utf8mb4_unicode_ci NOT NULL,
  `remaining_quantity` varchar(100) COLLATE utf8mb4_unicode_ci NOT NULL,
  `created_at` timestamp NULL DEFAULT NULL,
  `updated_at` timestamp NULL DEFAULT NULL,
  `total_remaining_quantity` varchar(191) COLLATE utf8mb4_unicode_ci DEFAULT NULL,
  `total_cost` varchar(191) COLLATE utf8mb4_unicode_ci DEFAULT NULL,
  `total_buying_price` varchar(191) COLLATE utf8mb4_unicode_ci DEFAULT NULL
) ENGINE=MyISAM DEFAULT CHARSET=utf8mb4 COLLATE=utf8mb4_unicode_ci;

--
-- Dumping data for table `medicine_stock_batch_medicine_stock_uses`
--

INSERT INTO `medicine_stock_batch_medicine_stock_uses` (`id`, `medicine_stock_batch_id`, `medicine_stock_use_id`, `used_quantity`, `remaining_quantity`, `created_at`, `updated_at`, `total_remaining_quantity`, `total_cost`, `total_buying_price`) VALUES
(1, 2, 1, '4', '1196', '2019-02-15 13:57:12', '2019-02-15 13:57:12', '1196', '1332', '132'),
(2, 1, 2, '2', '228', '2019-02-15 13:57:12', '2019-02-15 13:57:12', '228', '4646', '46468'),
(3, 1, 3, '1', '227', '2019-02-15 13:57:13', '2019-02-15 13:57:13', '227', '2323', '23234'),
(4, 2, 4, '24', '1172', '2019-02-15 13:57:26', '2019-02-15 13:57:26', '1172', '7992', '792'),
(5, 1, 5, '2', '225', '2019-02-15 13:57:26', '2019-02-15 13:57:26', '225', '4646', '46468'),
(6, 2, 6, '18', '1154', '2019-02-15 13:57:26', '2019-02-15 13:57:26', '1154', '5994', '594'),
(7, 2, 7, '8', '1146', '2019-02-15 13:57:32', '2019-02-15 13:57:32', '1146', '2664', '264'),
(8, 2, 8, '7', '1139', '2019-02-18 13:44:36', '2019-02-18 13:44:36', '1139', '2331', '231'),
(9, 2, 9, '24', '1115', '2019-02-18 13:44:51', '2019-02-18 13:44:51', '1115', '7992', '792'),
(10, 1, 10, '1', '224', '2019-02-18 13:44:51', '2019-02-18 13:44:51', '224', '2323', '23234'),
(11, 2, 11, '8', '1107', '2019-05-14 09:04:28', '2019-05-14 09:04:28', '1107', '2664', '264'),
(12, 1, 12, '4', '220', '2019-05-14 09:04:29', '2019-05-14 09:04:29', '220', '9292', '92936'),
(13, 2, 13, '8', '1099', '2019-06-13 12:17:05', '2019-06-13 12:17:05', '1099', '2664', '264'),
(14, 1, 14, '1', '219', '2019-07-30 12:10:23', '2019-07-30 12:10:23', '219', '2323', '23234'),
(15, 2, 15, '8', '1091', '2020-02-13 11:00:02', '2020-02-13 11:00:02', '1091', '2664', '264'),
(16, 2, 16, '30', '1061', '2020-03-23 08:15:41', '2020-03-23 08:15:41', '1061', '9990', '990'),
(17, 2, 17, '40', '1021', '2020-03-23 08:18:31', '2020-03-23 08:18:31', '1057', '13320', '1320'),
(18, 2, 18, '40', '981', '2020-03-23 08:20:23', '2020-03-23 08:20:23', '1017', '13320', '1320');

-- --------------------------------------------------------

--
-- Table structure for table `medicine_stock_uses`
--

CREATE TABLE `medicine_stock_uses` (
  `id` int(10) UNSIGNED NOT NULL,
  `medicine_record_id` int(11) NOT NULL,
  `created_at` timestamp NULL DEFAULT NULL,
  `updated_at` timestamp NULL DEFAULT NULL
) ENGINE=MyISAM DEFAULT CHARSET=utf8mb4 COLLATE=utf8mb4_unicode_ci;

--
-- Dumping data for table `medicine_stock_uses`
--

INSERT INTO `medicine_stock_uses` (`id`, `medicine_record_id`, `created_at`, `updated_at`) VALUES
(1, 15, '2019-02-15 13:57:12', '2019-02-15 13:57:12'),
(2, 16, '2019-02-15 13:57:12', '2019-02-15 13:57:12'),
(3, 23, '2019-02-15 13:57:13', '2019-02-15 13:57:13'),
(4, 19, '2019-02-15 13:57:26', '2019-02-15 13:57:26'),
(5, 20, '2019-02-15 13:57:26', '2019-02-15 13:57:26'),
(6, 21, '2019-02-15 13:57:26', '2019-02-15 13:57:26'),
(7, 22, '2019-02-15 13:57:32', '2019-02-15 13:57:32'),
(8, 26, '2019-02-18 13:44:36', '2019-02-18 13:44:36'),
(9, 24, '2019-02-18 13:44:51', '2019-02-18 13:44:51'),
(10, 25, '2019-02-18 13:44:51', '2019-02-18 13:44:51'),
(11, 36, '2019-05-14 09:04:28', '2019-05-14 09:04:28'),
(12, 37, '2019-05-14 09:04:29', '2019-05-14 09:04:29'),
(13, 40, '2019-06-13 12:17:04', '2019-06-13 12:17:04'),
(14, 41, '2019-07-30 12:10:23', '2019-07-30 12:10:23'),
(15, 54, '2020-02-13 11:00:02', '2020-02-13 11:00:02'),
(16, 56, '2020-03-23 08:15:41', '2020-03-23 08:15:41'),
(17, 57, '2020-03-23 08:18:31', '2020-03-23 08:18:31'),
(18, 58, '2020-03-23 08:20:23', '2020-03-23 08:20:23');

-- --------------------------------------------------------

--
-- Table structure for table `medicine_units`
--

CREATE TABLE `medicine_units` (
  `id` int(10) UNSIGNED NOT NULL,
  `name` varchar(191) COLLATE utf8mb4_unicode_ci NOT NULL,
  `created_at` timestamp NULL DEFAULT NULL,
  `updated_at` timestamp NULL DEFAULT NULL
) ENGINE=MyISAM DEFAULT CHARSET=utf8mb4 COLLATE=utf8mb4_unicode_ci;

--
-- Dumping data for table `medicine_units`
--

INSERT INTO `medicine_units` (`id`, `name`, `created_at`, `updated_at`) VALUES
(1, 'ml', '2019-03-05 21:00:00', '2019-03-06 10:18:14'),
(2, 'mg', '2019-03-05 21:00:00', '2019-03-06 10:18:14'),
(3, '1', '2019-03-06 11:48:18', '2019-03-06 11:48:18'),
(4, 'as', '2019-03-06 12:01:05', '2019-03-06 12:01:05'),
(5, 'wewe', '2019-03-06 12:01:05', '2019-03-06 12:01:05'),
(6, '3', '2019-03-06 13:13:35', '2019-03-06 13:13:35'),
(7, '2', '2019-04-03 14:39:52', '2019-04-03 14:39:52'),
(8, 'tabs', '2019-04-05 10:38:09', '2019-04-05 10:38:09'),
(9, '8', '2019-05-14 08:35:57', '2019-05-14 08:35:57'),
(10, '4', '2019-05-24 11:59:23', '2019-05-24 11:59:23');

-- --------------------------------------------------------

--
-- Table structure for table `meeting_minutes`
--

CREATE TABLE `meeting_minutes` (
  `id` int(10) UNSIGNED NOT NULL,
  `content` text COLLATE utf8mb4_unicode_ci,
  `url` varchar(100) COLLATE utf8mb4_unicode_ci DEFAULT NULL,
  `created_at` timestamp NULL DEFAULT NULL,
  `updated_at` timestamp NULL DEFAULT NULL,
  `date` varchar(100) COLLATE utf8mb4_unicode_ci DEFAULT NULL,
  `file_name` varchar(100) COLLATE utf8mb4_unicode_ci DEFAULT NULL,
  `type` varchar(100) COLLATE utf8mb4_unicode_ci NOT NULL DEFAULT 'qc'
) ENGINE=InnoDB DEFAULT CHARSET=utf8mb4 COLLATE=utf8mb4_unicode_ci;

--
-- Dumping data for table `meeting_minutes`
--

INSERT INTO `meeting_minutes` (`id`, `content`, `url`, `created_at`, `updated_at`, `date`, `file_name`, `type`) VALUES
(2, '<p><i>Lorem Ipsum is simply dummy text of the printing and typesetting industry. Lorem Ipsum has been the industry\'s standard dummy text ever since the 1500s, when an unknown printer took a galley of type and scrambled it to make a type specimen book. It has survived not only five centuries, but also the leap into electronic typesetting, remaining essentially unchanged. It was popularised in the 1960s with the release of Letraset sheets containing Lorem Ipsum passages, and more recently with desktop publishing software like Aldus PageMaker including versions of Lorem Ipsum.</i></p><p>&nbsp;</p><p><strong>&nbsp;Why do we use it? It is a long established fact that a reader will be distracted by the readable content of a page when looking at its layout. The point of using Lorem Ipsum is that it has a more-or-less normal distribution of letters, as opposed to using \'Content here, content here\', making it look like readable English.&nbsp;</strong></p><p>&nbsp;</p><p>Many desktop publishing packages and web page editors now use Lorem Ipsum as their default model text, and a search for \'lorem ipsum\' will uncover many web sites still in their infancy. Various versions have evolved over the years, sometimes by accident, sometimes on purpose (injected humour and the like).</p>', 'meeting_minutes/p3r1GjhLPk2Bin5UfA1jYQ3SPLao1obLHiH2T9x3.pdf', '2020-02-24 09:10:18', '2020-02-24 12:05:04', '2020-02-24', 'How To Make Money In Alternative Investments.pdf', 'qc'),
(3, '<p>asdfasd</p><p>&nbsp;</p><p>asd</p><p>fasdf</p><p>&nbsp;</p>', NULL, '2020-03-12 15:51:04', '2020-03-12 15:51:04', '2020-03-12', NULL, 'qc'),
(4, '<p>sdfasdfasdf</p>', NULL, '2020-03-26 02:49:03', '2020-03-26 02:49:03', '2020-03-26', NULL, 'og');

-- --------------------------------------------------------

--
-- Table structure for table `migrations`
--

CREATE TABLE `migrations` (
  `id` int(10) UNSIGNED NOT NULL,
  `migration` varchar(191) COLLATE utf8mb4_unicode_ci NOT NULL,
  `batch` int(11) NOT NULL
) ENGINE=MyISAM DEFAULT CHARSET=utf8mb4 COLLATE=utf8mb4_unicode_ci;

--
-- Dumping data for table `migrations`
--

INSERT INTO `migrations` (`id`, `migration`, `batch`) VALUES
(389, '2014_10_12_000000_create_users_table', 1),
(390, '2014_10_12_100000_create_password_resets_table', 1),
(391, '2018_05_25_123010_create_patients_table', 1),
(392, '2018_05_25_123348_create_doctors_table', 1),
(393, '2018_05_25_123418_create_billings_table', 1),
(394, '2018_05_25_123451_create_medicines_table', 1),
(395, '2018_05_25_123746_create_laboratory_table', 1),
(396, '2018_05_25_123827_create_appointments_table', 1),
(397, '2018_05_25_123918_create_medicine_category_table', 1),
(398, '2018_05_25_124003_create_prescriptions_table', 1),
(399, '2018_05_25_124053_create_diagnosis_table', 1),
(400, '2018_05_25_124156_create_lab_daily_que_table', 1),
(401, '2018_05_25_124307_create_patient_daily_que_table', 1),
(402, '2018_05_26_104553_create_services_table', 1),
(403, '2018_05_26_105003_create_unit_allocation_table', 1),
(404, '2018_05_26_110119_create_unit_payment_modes_table', 1),
(405, '2018_05_26_123639_create_service_modes_table', 1),
(406, '2018_05_27_081254_create_roles_table', 1),
(407, '2018_05_27_081500_create_role_user_table', 1),
(408, '2018_06_04_221849_create_insurance_table', 1),
(409, '2018_06_07_093147_create_vitals_table', 1),
(410, '2018_06_18_101709_create_rooms_table', 1),
(411, '2018_07_06_132236_create_patient_queue_temporaries_table', 1),
(412, '2018_07_06_135431_drop_patient_column', 1),
(413, '2018_07_06_151212_patient_reg_no_column', 1),
(414, '2018_07_06_154904_patient_attend_status', 1),
(415, '2018_07_09_134446_create_lab_queues_table', 1),
(416, '2018_07_09_134531_create_patient_visits_table', 1),
(417, '2018_07_09_134600_create_symptoms_table', 1),
(418, '2018_07_09_134618_create_lab_tests_table', 1),
(419, '2018_07_09_134640_create_lab_test_records_table', 1),
(420, '2018_07_09_134713_create_examinations_table', 1),
(421, '2018_07_09_134737_create_home_medicines_table', 1),
(422, '2018_07_09_134801_create_chief_complains_table', 1),
(423, '2018_07_09_134823_create_histories_table', 1),
(424, '2018_07_09_134853_create_medicine_records_table', 1),
(425, '2018_07_09_135138_create_comment_from_doctors_table', 1),
(426, '2018_07_09_135212_create_lab_results_table', 1),
(427, '2018_07_09_151315_add_visit_no_column', 1),
(428, '2018_07_10_051426_create_symptom_records_table', 1),
(429, '2018_07_10_064151_add_columns_to_comment_from_doctors_table', 1),
(430, '2018_07_13_160414_create_billing_transactions_table', 1),
(431, '2018_07_13_160650_create_billing_changes_table', 1),
(432, '2018_07_13_160959_create_lab_lists_table', 1),
(433, '2018_07_13_161023_create_pharmacy_lists_table', 1),
(434, '2018_07_13_161251_add_transaction_type', 1),
(435, '2018_07_23_035151_status_column_medicine_records', 1),
(436, '2018_07_23_055652_add_queue_no_column', 1),
(437, '2018_07_29_122333_result__columns', 1),
(438, '2018_07_29_123025_status_list', 1),
(439, '2018_08_02_124529_medicine_columns', 1),
(440, '2018_08_02_142655_create_suppliers_table', 1),
(441, '2018_08_02_142721_create_supplier_medicines_table', 1),
(442, '2018_08_02_152045_add_code_line', 1),
(443, '2018_08_02_160258_price_column', 1),
(444, '2018_08_02_162851_create_l_p_os_table', 1),
(445, '2018_08_02_164904_medicine_id_column_to_id', 1),
(446, '2018_08_02_165155_id_medicine_table', 1),
(447, '2018_08_03_151727_create_billing_lists_table', 1),
(448, '2018_08_03_220044_create_que_no', 1),
(449, '2018_08_05_111745_code_column_tests', 1),
(450, '2018_08_06_155858_price_column_service_modes', 1),
(451, '2018_08_06_160154_create_patient_types_table', 1),
(452, '2018_08_07_142954_remove_unnecessary_rows', 1),
(453, '2018_08_07_143544_add_the_removed_columns', 1),
(454, '2018_08_08_181914_create_known_patient_ofs_table', 1),
(455, '2018_08_08_193011_create_follow_up_dates_table', 1),
(456, '2018_08_09_114630_create_stool_results_table', 1),
(457, '2018_08_09_114723_create_urinal_results_table', 1),
(458, '2018_08_09_114751_create_fbp_results_table', 1),
(459, '2018_08_09_115056_create_note_from_laboratories_table', 1),
(460, '2018_08_09_115149_create_note_from_doctors_table', 1),
(461, '2018_08_09_153106_create_request_equipments_table', 1),
(462, '2018_08_28_152551_total_column', 1),
(463, '2018_09_12_122952_trashed_columns_1', 1),
(464, '2018_09_12_123128_trashed_columns_2', 1),
(465, '2018_09_12_123244_trashed_columns_3', 1),
(466, '2018_09_12_123346_trashed_columns_4', 1),
(467, '2018_09_12_123431_trashed_columns_5', 1),
(468, '2018_09_27_161331_create_family_helps_table', 1),
(469, '2018_09_27_161458_fh_id_column_labtestrecords', 1),
(470, '2018_09_27_161541_fh_id_column_symptomrecords', 1),
(471, '2018_09_27_161627_fh_id_column_medicinerecords', 1),
(472, '2018_09_27_164841_fh_id_column_billinglists', 1),
(473, '2018_09_28_124312_create_medicine_stock_batches_table', 1),
(474, '2018_09_28_124757_create_medicine_stock_uses_table', 1),
(475, '2018_09_28_124832_create_medicine_stock_batch_medicine_stock_uses_table', 1),
(476, '2018_09_28_124933_new_columns_for_medicine_table', 1),
(477, '2018_10_17_160319_mgspertabletcolumn', 1),
(478, '2018_12_06_115609_create_settings_table', 1),
(479, '2018_12_06_120611_add_status_column_to_billing', 1),
(480, '2018_12_06_134846_create_diagnoses_table', 1),
(481, '2018_12_06_134940_create_diagnosis_records_table', 1),
(482, '2018_12_06_163523_create_glove_requests_table', 1),
(483, '2018_12_14_114409_total_remaining', 1),
(484, '2018_12_14_120734_total_cost', 1),
(485, '2018_12_14_121437_total_buying_price', 1),
(486, '2019_02_14_155519_dose_with_unit', 2),
(487, '2019_02_15_152931_add_billing_id', 3),
(488, '2019_02_15_153133_add_billing_id_med', 3),
(489, '2019_03_06_110428_create_medicine_units_table', 4),
(496, '2020_02_06_135753_create_l_p_o_items_table', 5),
(497, '2020_02_06_135947_lpo_columns', 5),
(498, '2020_02_13_014448_create_equipment_table', 6),
(562, '2020_02_13_014501_create_equipment_batches_table', 30),
(500, '2020_02_13_014512_create_equipment_records_table', 6),
(501, '2020_02_13_014517_create_equipment_tests_table', 6),
(502, '2020_02_13_014531_create_inventory_records_table', 6),
(503, '2020_02_13_014545_create_credits_table', 6),
(544, '2020_02_13_014600_create_standard_operating_procedures_table', 20),
(530, '2020_02_13_014624_create_announcements_table', 11),
(529, '2020_02_13_014631_create_announcement_targets_table', 10),
(507, '2020_02_13_014645_create_organisation_structures_table', 6),
(508, '2020_02_13_014651_create_organisation_structure_targets_table', 6),
(509, '2020_02_13_014706_create_quality_control_members_table', 6),
(510, '2020_02_13_014719_create_meeting_minutes_table', 6),
(534, '2020_02_13_014727_create_schedules_table', 14),
(512, '2020_02_13_014736_create_feature_settings_table', 7),
(539, '2020_02_13_014749_create_employee_attendances_table', 17),
(514, '2020_02_13_014759_create_employee_leaves_table', 7),
(552, '2020_02_13_014809_create_payrolls_table', 24),
(553, '2020_02_13_014815_create_payroll_items_table', 24),
(517, '2020_02_13_014822_create_payroll_item_deductions_table', 7),
(518, '2020_02_13_014832_create_payroll_item_additions_table', 7),
(519, '2020_02_13_014844_create_insurance_companies_table', 7),
(520, '2020_02_13_014859_create_insurance_company_disease_codes_table', 7),
(521, '2020_02_13_014906_create_insurance_company_patients_table', 7),
(522, '2020_02_13_014919_create_corporate_companies_table', 7),
(523, '2020_02_13_014927_create_corporate_company_patients_table', 7),
(527, '2020_02_18_133824_credit_columns', 8),
(528, '2020_02_20_115310_create_payments_table', 9),
(531, '2020_02_23_223122_modify_organisation_structures', 12),
(533, '2020_02_24_113951_modify_meeting_minutes_columns', 13),
(536, '2020_02_25_154043_create_appointment_letters_table', 15),
(538, '2020_02_25_184240_modify_users_table_columns', 16),
(540, '2020_03_22_142425_modify_consultants_table', 18),
(541, '2020_03_24_115456_add_queue_type_column', 19),
(546, '2020_03_26_015015_create_employee_files_table', 21),
(547, '2020_03_26_024219_create_employee_perfomance_appraisals_table', 22),
(549, '2020_03_26_035621_add_salary_column', 23),
(554, '2020_03_26_054042_add_type_column', 25),
(555, '2020_03_26_054058_add_type_column_schedules', 25),
(556, '2020_03_26_135340_create_supplier_equipments_table', 26),
(557, '2020_03_26_144248_create_suppler_payments_table', 27),
(558, '2020_03_26_144613_create_supplier_payments_table', 28),
(559, '2020_03_26_153959_add_quantity_column', 29),
(563, '2020_05_26_015003_add_grn_columns_to_lpo_items', 31),
(564, '2020_05_26_021613_add_grn_columns_to_lpos', 32);

-- --------------------------------------------------------

--
-- Table structure for table `note_from_doctors`
--

CREATE TABLE `note_from_doctors` (
  `id` int(10) UNSIGNED NOT NULL,
  `billing_id` int(11) NOT NULL,
  `content` text COLLATE utf8mb4_unicode_ci,
  `created_at` timestamp NULL DEFAULT NULL,
  `updated_at` timestamp NULL DEFAULT NULL
) ENGINE=MyISAM DEFAULT CHARSET=utf8mb4 COLLATE=utf8mb4_unicode_ci;

--
-- Dumping data for table `note_from_doctors`
--

INSERT INTO `note_from_doctors` (`id`, `billing_id`, `content`, `created_at`, `updated_at`) VALUES
(1, 1, 'asdfasdf', '2019-02-08 09:22:51', '2019-02-08 09:22:51'),
(2, 3, 'asdfasdf', '2019-02-08 11:22:37', '2019-02-08 11:22:37'),
(3, 26, NULL, '2019-02-15 13:21:16', '2019-02-15 13:21:16'),
(4, 29, NULL, '2019-02-18 11:54:21', '2019-02-18 11:54:21'),
(5, 35, NULL, '2019-03-06 12:38:47', '2019-03-06 12:38:47'),
(6, 40, 'urin shis', '2019-04-03 14:36:53', '2019-04-03 14:36:53'),
(7, 42, 'do something', '2019-04-05 10:38:09', '2019-04-05 10:38:09'),
(8, 44, 'do something', '2019-04-05 10:38:36', '2019-04-05 10:38:36'),
(9, 46, NULL, '2019-04-05 10:41:43', '2019-04-05 10:41:43'),
(10, 49, 'Some note', '2019-05-13 14:10:12', '2019-05-13 14:10:12'),
(11, 51, NULL, '2019-05-14 08:35:57', '2019-05-14 08:35:57'),
(12, 53, 'asdfa', '2019-05-24 11:51:43', '2019-05-24 11:51:43'),
(13, 59, 'asdf', '2019-07-30 11:44:23', '2019-07-30 11:44:23'),
(14, 65, NULL, '2019-12-05 09:29:56', '2019-12-05 09:29:56'),
(15, 67, NULL, '2019-12-06 07:49:52', '2019-12-06 07:49:52'),
(16, 70, NULL, '2020-02-12 08:24:34', '2020-02-12 08:24:34'),
(17, 72, 'asdfasdf asdf asd fas df as', '2020-02-13 10:51:43', '2020-02-13 10:51:43'),
(18, 74, 'saf', '2020-02-18 16:42:41', '2020-02-18 16:42:41'),
(19, 100, 'some note', '2020-03-25 09:21:02', '2020-03-25 09:21:02');

-- --------------------------------------------------------

--
-- Table structure for table `note_from_laboratories`
--

CREATE TABLE `note_from_laboratories` (
  `id` int(10) UNSIGNED NOT NULL,
  `billing_id` int(11) NOT NULL,
  `content` text COLLATE utf8mb4_unicode_ci,
  `created_at` timestamp NULL DEFAULT NULL,
  `updated_at` timestamp NULL DEFAULT NULL
) ENGINE=MyISAM DEFAULT CHARSET=utf8mb4 COLLATE=utf8mb4_unicode_ci;

--
-- Dumping data for table `note_from_laboratories`
--

INSERT INTO `note_from_laboratories` (`id`, `billing_id`, `content`, `created_at`, `updated_at`) VALUES
(1, 1, NULL, '2019-02-08 09:22:51', '2019-02-08 09:22:51'),
(2, 3, NULL, '2019-02-08 11:22:37', '2019-02-08 11:22:37'),
(3, 26, NULL, '2019-02-15 13:21:16', '2019-02-15 13:21:16'),
(4, 29, 'nn', '2019-02-18 11:54:21', '2019-02-18 12:38:37'),
(5, 35, 'asdfa', '2019-03-06 12:38:47', '2019-03-06 12:40:22'),
(6, 40, NULL, '2019-04-03 14:36:53', '2019-04-03 14:36:53'),
(7, 42, NULL, '2019-04-05 10:38:09', '2019-04-05 10:38:09'),
(8, 44, NULL, '2019-04-05 10:38:36', '2019-04-05 10:38:36'),
(9, 46, NULL, '2019-04-05 10:41:43', '2019-04-05 10:41:43'),
(10, 49, NULL, '2019-05-13 14:10:12', '2019-05-13 14:10:12'),
(11, 52, 'ooooo', '2019-05-14 08:35:57', '2019-05-14 09:10:04'),
(12, 53, 'asdfasdf', '2019-05-24 11:51:43', '2019-05-24 11:55:09'),
(13, 59, NULL, '2019-07-30 11:44:23', '2019-07-30 11:44:23'),
(14, 65, NULL, '2019-12-05 09:29:56', '2019-12-05 09:29:56'),
(15, 67, 'asdfasdf', '2019-12-06 07:49:52', '2019-12-06 08:21:03'),
(16, 70, NULL, '2020-02-12 08:24:34', '2020-02-12 08:24:34'),
(17, 72, 'asdfadf', '2020-02-13 10:51:43', '2020-02-13 11:00:35'),
(18, 74, NULL, '2020-02-18 16:42:41', '2020-02-18 16:42:41'),
(19, 100, NULL, '2020-03-25 09:21:02', '2020-03-25 09:21:02');

-- --------------------------------------------------------

--
-- Table structure for table `organisation_structures`
--

CREATE TABLE `organisation_structures` (
  `id` int(10) UNSIGNED NOT NULL,
  `url` varchar(100) COLLATE utf8mb4_unicode_ci DEFAULT NULL,
  `description` text COLLATE utf8mb4_unicode_ci,
  `created_at` timestamp NULL DEFAULT NULL,
  `updated_at` timestamp NULL DEFAULT NULL,
  `name` varchar(100) COLLATE utf8mb4_unicode_ci DEFAULT NULL
) ENGINE=InnoDB DEFAULT CHARSET=utf8mb4 COLLATE=utf8mb4_unicode_ci;

--
-- Dumping data for table `organisation_structures`
--

INSERT INTO `organisation_structures` (`id`, `url`, `description`, `created_at`, `updated_at`, `name`) VALUES
(4, 'organisation_structures/gpVjFG1qVdHGq3lJXtCXpU7h7rg2mX4AmdXYoAiC.pdf', 'Some very long description', '2020-02-23 21:08:57', '2020-02-23 21:08:57', 'How To Make Money In Alternative Investments.pdf');

-- --------------------------------------------------------

--
-- Table structure for table `organisation_structure_targets`
--

CREATE TABLE `organisation_structure_targets` (
  `id` int(10) UNSIGNED NOT NULL,
  `role_id` int(11) DEFAULT NULL,
  `organisation_structure_id` int(11) DEFAULT NULL,
  `created_at` timestamp NULL DEFAULT NULL,
  `updated_at` timestamp NULL DEFAULT NULL
) ENGINE=InnoDB DEFAULT CHARSET=utf8mb4 COLLATE=utf8mb4_unicode_ci;

-- --------------------------------------------------------

--
-- Table structure for table `password_resets`
--

CREATE TABLE `password_resets` (
  `email` varchar(191) COLLATE utf8mb4_unicode_ci NOT NULL,
  `token` varchar(191) COLLATE utf8mb4_unicode_ci NOT NULL,
  `created_at` timestamp NULL DEFAULT NULL
) ENGINE=MyISAM DEFAULT CHARSET=utf8mb4 COLLATE=utf8mb4_unicode_ci;

-- --------------------------------------------------------

--
-- Table structure for table `patients`
--

CREATE TABLE `patients` (
  `id` int(10) UNSIGNED NOT NULL,
  `reg_no` varchar(191) COLLATE utf8mb4_unicode_ci NOT NULL,
  `name` varchar(191) COLLATE utf8mb4_unicode_ci NOT NULL,
  `telephone` varchar(191) COLLATE utf8mb4_unicode_ci DEFAULT NULL,
  `email` varchar(191) COLLATE utf8mb4_unicode_ci DEFAULT NULL,
  `DOB` date NOT NULL,
  `gender` varchar(191) COLLATE utf8mb4_unicode_ci NOT NULL,
  `nationality` varchar(191) COLLATE utf8mb4_unicode_ci DEFAULT NULL,
  `mother_name` varchar(191) COLLATE utf8mb4_unicode_ci DEFAULT NULL,
  `mother_occupation` varchar(191) COLLATE utf8mb4_unicode_ci DEFAULT NULL,
  `father_name` varchar(191) COLLATE utf8mb4_unicode_ci DEFAULT NULL,
  `father_occupation` varchar(191) COLLATE utf8mb4_unicode_ci DEFAULT NULL,
  `occupation` varchar(191) COLLATE utf8mb4_unicode_ci DEFAULT NULL,
  `photo` varchar(191) COLLATE utf8mb4_unicode_ci DEFAULT NULL,
  `type` varchar(191) COLLATE utf8mb4_unicode_ci NOT NULL,
  `patient_type` varchar(191) COLLATE utf8mb4_unicode_ci NOT NULL,
  `created_at` timestamp NULL DEFAULT NULL,
  `updated_at` timestamp NULL DEFAULT NULL,
  `blood_group` varchar(191) COLLATE utf8mb4_unicode_ci DEFAULT NULL,
  `phone` varchar(191) COLLATE utf8mb4_unicode_ci DEFAULT NULL,
  `address` varchar(191) COLLATE utf8mb4_unicode_ci DEFAULT NULL
) ENGINE=MyISAM DEFAULT CHARSET=utf8mb4 COLLATE=utf8mb4_unicode_ci;

--
-- Dumping data for table `patients`
--

INSERT INTO `patients` (`id`, `reg_no`, `name`, `telephone`, `email`, `DOB`, `gender`, `nationality`, `mother_name`, `mother_occupation`, `father_name`, `father_occupation`, `occupation`, `photo`, `type`, `patient_type`, `created_at`, `updated_at`, `blood_group`, `phone`, `address`) VALUES
(1, '1', 'John', NULL, NULL, '2018-11-30', 'male', NULL, NULL, NULL, NULL, NULL, 'jojojoj', NULL, 'adult', 'Cash', '2019-02-08 09:19:14', '2019-02-08 09:19:14', NULL, '0755448833', NULL),
(2, '2', 'Someone', NULL, NULL, '2006-07-30', 'male', NULL, NULL, NULL, NULL, NULL, 'asdfa', NULL, 'adult', 'Cash', '2019-02-08 11:21:12', '2019-07-30 11:48:41', NULL, '1234123', NULL),
(3, '3', 'John J', NULL, NULL, '2019-02-05', 'male', NULL, NULL, NULL, NULL, NULL, 'asdfa', NULL, 'adult', 'Insurance', '2019-02-08 12:49:47', '2019-02-08 12:49:47', NULL, 'q2341234', NULL),
(4, '4', 'asdfasdfa', NULL, NULL, '2019-01-29', 'male', NULL, NULL, NULL, NULL, NULL, 'sdfasdf', NULL, 'adult', 'Insurance', '2019-02-11 09:51:02', '2019-02-11 09:51:02', NULL, 'asdfasdf', NULL),
(5, '5', 'asdfasdfasdf', NULL, NULL, '2019-01-27', 'male', NULL, NULL, NULL, NULL, NULL, 'adfasdfa', NULL, 'adult', 'Insurance', '2019-02-11 09:51:32', '2019-02-11 09:51:32', NULL, '234234234', NULL),
(6, '6', 'Simon Sinek', NULL, NULL, '2019-02-04', 'male', NULL, NULL, NULL, NULL, NULL, 'Writer', NULL, 'adult', 'Cash', '2019-02-18 11:26:06', '2019-02-18 11:26:06', NULL, '06377373733', NULL),
(7, '7', 'Amanda walters', NULL, NULL, '2001-12-23', 'male', NULL, NULL, NULL, NULL, NULL, 'dancer', NULL, 'adult', 'Cash', '2019-02-18 11:27:03', '2019-02-18 11:27:03', NULL, '0788993993', NULL),
(8, '8', 'Jones Jr', NULL, NULL, '2019-01-31', 'male', NULL, 'Amanda', 'Nurse', 'Jones sr', 'Carpenter', NULL, NULL, 'child', 'Cash', '2019-02-18 11:29:35', '2019-02-18 11:29:35', NULL, '0766558899', NULL),
(9, '9', 'Some name', NULL, NULL, '2016-07-14', 'male', NULL, NULL, NULL, NULL, NULL, 'some occupation', NULL, 'adult', 'Cash', '2019-04-03 14:34:08', '2019-04-03 14:34:08', NULL, '03333', NULL),
(10, '10', 'adsf', NULL, NULL, '2019-02-25', 'male', NULL, NULL, NULL, NULL, NULL, 'asdf', NULL, 'adult', 'Insurance', '2019-04-05 10:31:44', '2019-04-05 10:31:44', NULL, '232', NULL),
(11, '11', 'Rashid Selemen', NULL, NULL, '1993-05-13', 'male', NULL, NULL, NULL, NULL, NULL, 'Electrical Engineer', NULL, 'adult', 'Corporate', '2019-05-13 14:07:10', '2019-05-13 14:07:10', NULL, '0788445662', NULL),
(12, '12', 'asdfasd', NULL, NULL, '2018-08-30', 'male', NULL, NULL, NULL, NULL, NULL, 'fadsf', NULL, 'adult', 'Insurance', '2019-05-24 11:49:07', '2020-02-12 07:33:10', NULL, '23', NULL),
(13, '13', 'Travis John', NULL, NULL, '2019-12-01', 'male', NULL, NULL, NULL, NULL, NULL, 'Engineer', NULL, 'adult', 'Corporate', '2019-12-05 09:26:40', '2019-12-05 09:26:40', NULL, '775555666', NULL),
(14, '14', 'Microsoft Simple', NULL, NULL, '1990-12-01', 'male', NULL, NULL, NULL, NULL, NULL, 'Simplicity', NULL, 'adult', 'Insurance', '2019-12-06 07:46:12', '2019-12-06 07:46:59', NULL, '0756640033', NULL),
(15, '15', 'Mo Extra', NULL, NULL, '2019-11-30', 'male', NULL, NULL, NULL, NULL, NULL, 'Accountant', NULL, 'adult', 'Cash', '2020-03-23 10:30:37', '2020-03-23 10:30:37', NULL, '0763221100', NULL),
(16, '16', 'John Joseph Peter', NULL, NULL, '1993-11-09', 'male', NULL, NULL, NULL, NULL, NULL, 'Software Engineer', NULL, 'adult', 'Cash', '2020-03-24 06:23:05', '2020-03-24 06:23:05', NULL, '0625597195', NULL),
(17, '17', 'Alexandra Amos', NULL, NULL, '1998-12-22', 'male', NULL, NULL, NULL, NULL, NULL, 'carpenter', NULL, 'adult', 'Corporate', '2020-03-24 14:50:26', '2020-03-24 14:50:26', NULL, '0762990022', NULL);

-- --------------------------------------------------------

--
-- Table structure for table `patient_daily_que`
--

CREATE TABLE `patient_daily_que` (
  `patient_que_id` int(10) UNSIGNED NOT NULL,
  `patient_reg_no` varchar(191) COLLATE utf8mb4_unicode_ci NOT NULL,
  `service_mode_id` varchar(191) COLLATE utf8mb4_unicode_ci NOT NULL,
  `service_id` varchar(191) COLLATE utf8mb4_unicode_ci NOT NULL,
  `doc_id` varchar(191) COLLATE utf8mb4_unicode_ci NOT NULL,
  `unit_id` varchar(191) COLLATE utf8mb4_unicode_ci NOT NULL,
  `room_no` varchar(191) COLLATE utf8mb4_unicode_ci NOT NULL,
  `date` date NOT NULL,
  `created_at` timestamp NULL DEFAULT NULL,
  `updated_at` timestamp NULL DEFAULT NULL
) ENGINE=MyISAM DEFAULT CHARSET=utf8mb4 COLLATE=utf8mb4_unicode_ci;

-- --------------------------------------------------------

--
-- Table structure for table `patient_queue_temporaries`
--

CREATE TABLE `patient_queue_temporaries` (
  `id` int(10) UNSIGNED NOT NULL,
  `patient_que_no` varchar(191) COLLATE utf8mb4_unicode_ci NOT NULL,
  `service_mode` varchar(191) COLLATE utf8mb4_unicode_ci NOT NULL,
  `room_no` varchar(191) COLLATE utf8mb4_unicode_ci NOT NULL,
  `doctor` varchar(191) COLLATE utf8mb4_unicode_ci NOT NULL,
  `requested_service` varchar(191) COLLATE utf8mb4_unicode_ci NOT NULL,
  `unit_allocation` varchar(191) COLLATE utf8mb4_unicode_ci NOT NULL,
  `visit_no` varchar(191) COLLATE utf8mb4_unicode_ci NOT NULL,
  `created_at` timestamp NULL DEFAULT NULL,
  `updated_at` timestamp NULL DEFAULT NULL,
  `patient_reg_no` varchar(191) COLLATE utf8mb4_unicode_ci NOT NULL,
  `status` varchar(191) COLLATE utf8mb4_unicode_ci NOT NULL,
  `billing_id` int(11) NOT NULL,
  `type` varchar(100) COLLATE utf8mb4_unicode_ci NOT NULL DEFAULT 'sd'
) ENGINE=MyISAM DEFAULT CHARSET=utf8mb4 COLLATE=utf8mb4_unicode_ci;

--
-- Dumping data for table `patient_queue_temporaries`
--

INSERT INTO `patient_queue_temporaries` (`id`, `patient_que_no`, `service_mode`, `room_no`, `doctor`, `requested_service`, `unit_allocation`, `visit_no`, `created_at`, `updated_at`, `patient_reg_no`, `status`, `billing_id`, `type`) VALUES
(1, '1', 'Express', 'Room 1', 'Doctor 1', 'To get medicine only', 'Unit 1', '1', '2019-02-08 09:19:14', '2019-02-08 09:22:51', '1', 'attended', 1, 'sd'),
(2, '2', 'Emergency', 'Room 1', 'Doctor 1', 'To see a doctor', 'Unit 1', '1', '2019-02-08 11:21:12', '2019-02-08 11:22:37', '2', 'attended', 3, 'sd'),
(3, '3', 'Express', 'Room 1', 'Doctor 1', 'To see a doctor', 'Unit 1', '1', '2019-02-08 12:49:47', '2019-02-08 12:49:52', '3', 'Entered', 4, 'sd'),
(4, '1', 'Express', 'Room 1', 'Doctor 1', 'To see a doctor', 'Unit 1', '1', '2019-02-11 09:51:02', '2019-02-11 09:51:02', '4', 'waiting', 5, 'sd'),
(5, '2', 'Express', 'Room 1', 'Doctor 1', 'To see a doctor', 'Unit 1', '1', '2019-02-11 09:51:32', '2019-02-11 09:51:32', '5', 'waiting', 6, 'sd'),
(6, '1', 'Emergency', 'Room 1', 'Doctor 1', 'To see a doctor', 'Unit 1', '2', '2019-02-14 13:28:20', '2019-02-14 13:28:20', '3', 'waiting', 7, 'sd'),
(7, '1', 'Express', 'Room 1', 'Doctor 1', 'To see a doctor', 'Unit 1', '2', '2019-02-15 07:25:10', '2019-02-15 13:21:16', '4', 'attended', 8, 'sd'),
(8, '2', 'Express', 'Room 1', 'Doctor 1', 'To see a doctor', 'Unit 1', '2', '2019-02-15 13:40:47', '2019-02-15 13:40:52', '1', 'Entered', 13, 'sd'),
(9, '1', 'Normal', 'Room 1', 'Doctor 1', 'To see a doctor', 'Unit 1', '3', '2019-02-18 11:25:10', '2019-02-18 11:25:10', '3', 'waiting', 19, 'sd'),
(10, '2', 'Normal', 'Room 1', 'Doctor 1', 'To see a doctor', 'Unit 1', '1', '2019-02-18 11:26:06', '2019-02-18 11:26:06', '6', 'waiting', 20, 'sd'),
(11, '3', 'Normal', 'Room 1', 'Doctor 1', 'To see a doctor', 'Unit 1', '1', '2019-02-18 11:27:03', '2019-02-18 11:27:03', '7', 'waiting', 21, 'sd'),
(12, '4', 'Normal', 'Room 1', 'Doctor 1', 'To see a doctor', 'Unit 1', '1', '2019-02-18 11:29:35', '2019-02-18 11:29:35', '8', 'waiting', 22, 'sd'),
(13, '5', 'Emergency', 'Room 1', 'Doctor 1', 'To see a doctor', 'Unit 1', '2', '2019-02-18 11:30:51', '2019-02-18 11:54:21', '2', 'attended', 23, 'sd'),
(14, '1', 'Express', 'Room 1', 'Doctor 1', 'To see a doctor', 'Unit 1', '3', '2019-03-04 07:45:43', '2019-03-04 07:45:51', '1', 'Entered', 28, 'sd'),
(15, '1', 'Express', 'Room 1', 'Doctor 1', 'To see a doctor', 'Unit 1', '3', '2019-03-06 07:32:03', '2019-03-06 12:38:47', '2', 'attended', 29, 'sd'),
(16, '1', 'Emergency', 'Room 1', 'Doctor 1', 'To see a doctor', 'Unit 1', '1', '2019-04-03 14:34:08', '2019-04-03 14:36:53', '9', 'attended', 32, 'sd'),
(17, '1', 'Emergency', 'Room 1', 'Doctor 1', 'To see a doctor', 'Unit 1', '1', '2019-04-05 10:31:44', '2019-04-05 10:40:52', '10', 'attended', 33, 'sd'),
(18, '1', 'Normal', 'Room 1', 'Doctor 1', 'To see a doctor', 'Unit 1', '1', '2019-05-13 14:07:10', '2019-05-13 14:07:14', '11', 'Entered', 34, 'sd'),
(19, '1', 'Express', 'Room 2', 'Doctor 1', 'To see a doctor', 'Unit 1', '2', '2019-05-14 08:28:47', '2019-05-14 08:35:57', '11', 'attended', 35, 'sd'),
(20, '1', 'Express', 'Room 1', 'Doctor 1', 'To see a doctor', 'Unit 1', '4', '2019-05-20 08:50:12', '2019-05-20 08:50:12', '3', 'waiting', 38, 'sd'),
(21, '1', 'Express', 'Room 1', 'Doctor 1', 'To see a doctor', 'Unit 1', '1', '2019-05-24 11:49:07', '2019-05-24 11:51:43', '12', 'attended', 39, 'sd'),
(22, '1', 'Normal', 'Room 1', 'Doctor 1', 'To see a doctor', 'Unit 1', '4', '2019-07-30 07:38:39', '2019-07-30 11:44:23', '2', 'attended', 43, 'sd'),
(23, '2', 'Normal', 'Room 1', 'Doctor 1', 'To see a doctor', 'Unit 1', '2', '2019-07-30 12:15:22', '2019-07-30 12:22:29', '12', 'attended', 50, 'sd'),
(24, '1', 'Express', 'Room 1', 'Doctor 1', 'To see a doctor', 'Unit 1', '1', '2019-12-05 09:26:40', '2019-12-05 09:29:56', '13', 'attended', 52, 'sd'),
(25, '1', 'Express', 'Room 1', 'Doctor 1', 'To see a doctor', 'Unit 1', '1', '2019-12-06 07:46:12', '2019-12-06 07:49:52', '14', 'attended', 53, 'sd'),
(26, '2', 'Express', 'Room 1', 'Doctor 1', 'To see a doctor', 'Unit 1', '3', '2019-12-06 08:20:20', '2019-12-06 08:23:17', '4', 'attended', 55, 'sd'),
(27, '3', 'Express', 'Room 1', 'Doctor 1', 'To see a doctor', 'Unit 1', '2', '2019-12-06 10:53:22', '2019-12-06 10:53:49', '6', 'attended', 57, 'sd'),
(28, '3', 'Express', 'Room 1', 'Doctor 1', 'To see a doctor', 'Unit 1', '2', '2019-12-06 10:53:22', '2019-12-06 10:53:22', '6', 'waiting', 56, 'sd'),
(29, '1', 'Express', 'Room 1', 'Doctor 1', 'To see a doctor', 'Unit 1', '3', '2020-02-12 07:11:51', '2020-02-12 08:24:34', '12', 'attended', 58, 'sd'),
(30, '2', 'Express', 'Room 1', 'Doctor 1', 'For vital measurements only', 'Unit 1', '2', '2020-02-12 07:12:45', '2020-02-12 07:12:45', '13', 'waiting', 59, 'sd'),
(31, '1', 'Express', 'Room 1', 'Doctor 1', 'To see a doctor', 'Unit 1', '4', '2020-02-13 10:49:07', '2020-02-13 10:51:44', '1', 'attended', 60, 'sd'),
(32, '1', 'Express', 'Room 1', 'Doctor 1', 'To see a doctor', 'Unit 2', '5', '2020-03-10 16:41:48', '2020-02-18 16:42:41', '2', 'attended', 63, 'sd'),
(33, '1', '4', 'Room 1', '2', '1', 'Unit 1', '5', '2020-03-12 08:01:06', '2020-03-12 08:01:06', '1', 'waiting', 64, 'sd'),
(34, '1', '1', 'Room 1', '2', '1', 'Unit 1', '6', '2020-03-23 08:13:59', '2020-03-23 08:14:58', '1', 'attended', 65, 'sd'),
(35, '2', '1', 'Room 1', '2', '1', 'Unit 1', '1', '2020-03-23 10:30:37', '2020-03-23 10:30:37', '15', 'waiting', 70, 'sd'),
(42, '1', '1', 'Room 1', '8', '5', 'Unit 1', '5', '2020-03-25 05:00:00', '2020-03-25 09:21:02', '10', 'attended', 79, 'sd'),
(43, '2', '1', 'Room 1', '8', '5', 'Unit 1', '1', '2020-03-24 16:00:00', '2020-03-24 14:53:44', '17', 'waiting', 88, 'ap'),
(54, '2', '1', 'Room 1', '8', '5', 'Unit 1', '12', '2020-03-25 10:00:00', '2020-03-25 05:18:16', '1', 'waiting', 99, 'ap'),
(55, '3', '1', 'Room 1', '8', '5', 'Unit 1', '7', '2020-03-25 10:00:00', '2020-03-25 05:18:52', '3', 'waiting', 100, 'ap'),
(56, '4', '1', 'Room 1', '8', '5', 'Unit 1', '6', '2020-03-25 10:00:00', '2020-03-25 05:27:05', '2', 'waiting', 104, 'ap'),
(47, '2', '1', 'Room 1', '8', '5', 'Unit 1', '9', '2020-03-24 17:00:00', '2020-03-24 15:44:53', '1', 'waiting', 92, 'ap'),
(48, '2', '1', 'Room 1', '8', '5', 'Unit 1', '4', '2020-03-24 17:00:00', '2020-03-24 15:53:50', '12', 'waiting', 93, 'ap'),
(57, '5', '1', 'Room 1', '8', '5', 'Unit 1', '2', '2020-03-26 10:00:00', '2020-03-26 07:15:57', '5', 'attended', 105, 'ap');

-- --------------------------------------------------------

--
-- Table structure for table `patient_types`
--

CREATE TABLE `patient_types` (
  `id` int(10) UNSIGNED NOT NULL,
  `name` varchar(191) COLLATE utf8mb4_unicode_ci NOT NULL,
  `price` varchar(191) COLLATE utf8mb4_unicode_ci NOT NULL,
  `created_at` timestamp NULL DEFAULT NULL,
  `updated_at` timestamp NULL DEFAULT NULL,
  `trashed` varchar(100) COLLATE utf8mb4_unicode_ci DEFAULT 'false'
) ENGINE=MyISAM DEFAULT CHARSET=utf8mb4 COLLATE=utf8mb4_unicode_ci;

--
-- Dumping data for table `patient_types`
--

INSERT INTO `patient_types` (`id`, `name`, `price`, `created_at`, `updated_at`, `trashed`) VALUES
(1, 'Insurance', '5000', '2019-02-08 08:58:46', '2019-04-05 10:30:52', 'false'),
(2, 'Corporate', '1', '2019-02-08 08:58:46', '2019-02-08 08:58:46', 'false'),
(3, 'Cash', '1', '2019-02-08 08:58:46', '2019-02-08 08:58:46', 'false');

-- --------------------------------------------------------

--
-- Table structure for table `patient_visits`
--

CREATE TABLE `patient_visits` (
  `id` int(10) UNSIGNED NOT NULL,
  `patient_registration_no` varchar(191) COLLATE utf8mb4_unicode_ci NOT NULL,
  `doctor_id` varchar(191) COLLATE utf8mb4_unicode_ci NOT NULL,
  `visit_no` int(11) NOT NULL,
  `created_at` timestamp NULL DEFAULT NULL,
  `updated_at` timestamp NULL DEFAULT NULL
) ENGINE=MyISAM DEFAULT CHARSET=utf8mb4 COLLATE=utf8mb4_unicode_ci;

--
-- Dumping data for table `patient_visits`
--

INSERT INTO `patient_visits` (`id`, `patient_registration_no`, `doctor_id`, `visit_no`, `created_at`, `updated_at`) VALUES
(1, '1', '1', 1, '2019-02-08 09:19:14', '2019-02-08 09:19:14'),
(2, '2', '1', 1, '2019-02-08 11:21:12', '2019-02-08 11:21:12'),
(3, '3', '1', 1, '2019-02-08 12:49:47', '2019-02-08 12:49:47'),
(4, '4', '1', 1, '2019-02-11 09:51:02', '2019-02-11 09:51:02'),
(5, '5', '1', 1, '2019-02-11 09:51:32', '2019-02-11 09:51:32'),
(6, '3', '1', 2, '2019-02-14 13:28:20', '2019-02-14 13:28:20'),
(7, '4', '1', 2, '2019-02-15 07:25:10', '2019-02-15 07:25:10'),
(8, '1', '1', 2, '2019-02-15 13:40:47', '2019-02-15 13:40:47'),
(9, '3', '1', 3, '2019-02-18 11:25:10', '2019-02-18 11:25:10'),
(10, '6', '1', 1, '2019-02-18 11:26:06', '2019-02-18 11:26:06'),
(11, '7', '1', 1, '2019-02-18 11:27:03', '2019-02-18 11:27:03'),
(12, '8', '1', 1, '2019-02-18 11:29:35', '2019-02-18 11:29:35'),
(13, '2', '1', 2, '2019-02-18 11:30:51', '2019-02-18 11:30:51'),
(14, '1', '1', 3, '2019-03-04 07:45:44', '2019-03-04 07:45:44'),
(15, '2', '1', 3, '2019-03-06 07:32:03', '2019-03-06 07:32:03'),
(16, '9', '1', 1, '2019-04-03 14:34:08', '2019-04-03 14:34:08'),
(17, '10', '1', 1, '2019-04-05 10:31:44', '2019-04-05 10:31:44'),
(18, '11', '1', 1, '2019-05-13 14:07:10', '2019-05-13 14:07:10'),
(19, '11', '1', 2, '2019-05-14 08:28:47', '2019-05-14 08:28:47'),
(20, '3', '1', 4, '2019-05-20 08:50:12', '2019-05-20 08:50:12'),
(21, '12', '1', 1, '2019-05-24 11:49:07', '2019-05-24 11:49:07'),
(22, '2', '1', 4, '2019-07-30 07:38:39', '2019-07-30 07:38:39'),
(23, '12', '1', 2, '2019-07-30 12:15:22', '2019-07-30 12:15:22'),
(24, '13', '1', 1, '2019-12-05 09:26:40', '2019-12-05 09:26:40'),
(25, '14', '1', 1, '2019-12-06 07:46:12', '2019-12-06 07:46:12'),
(26, '4', '1', 3, '2019-12-06 08:20:20', '2019-12-06 08:20:20'),
(27, '6', '1', 2, '2019-12-06 10:53:22', '2019-12-06 10:53:22'),
(28, '6', '1', 2, '2019-12-06 10:53:22', '2019-12-06 10:53:22'),
(29, '12', '1', 3, '2020-02-12 07:11:52', '2020-02-12 07:11:52'),
(30, '13', '1', 2, '2020-02-12 07:12:45', '2020-02-12 07:12:45'),
(31, '1', '1', 4, '2020-02-13 10:49:07', '2020-02-13 10:49:07'),
(32, '2', '1', 5, '2020-02-18 16:41:48', '2020-02-18 16:41:48'),
(33, '1', '1', 5, '2020-03-12 08:01:06', '2020-03-12 08:01:06'),
(34, '1', '1', 6, '2020-03-23 08:13:59', '2020-03-23 08:13:59'),
(35, '15', '1', 1, '2020-03-23 10:30:37', '2020-03-23 10:30:37'),
(36, '16', '1', 1, '2020-03-24 06:23:05', '2020-03-24 06:23:05'),
(37, '10', '1', 2, '2020-03-24 08:46:41', '2020-03-24 08:46:41'),
(38, '10', '1', 3, '2020-03-24 08:47:52', '2020-03-24 08:47:52'),
(39, '10', '1', 4, '2020-03-24 08:50:35', '2020-03-24 08:50:35'),
(40, '3', '1', 5, '2020-03-24 09:15:14', '2020-03-24 09:15:14'),
(41, '13', '1', 3, '2020-03-24 09:21:07', '2020-03-24 09:21:07'),
(42, '10', '1', 5, '2020-03-24 09:22:31', '2020-03-24 09:22:31'),
(43, '17', '1', 1, '2020-03-24 14:53:44', '2020-03-24 14:53:44'),
(44, '1', '1', 7, '2020-03-24 15:08:59', '2020-03-24 15:08:59'),
(45, '1', '1', 8, '2020-03-24 15:10:34', '2020-03-24 15:10:34'),
(46, '1', '1', 9, '2020-03-24 15:44:53', '2020-03-24 15:44:53'),
(47, '12', '1', 4, '2020-03-24 15:53:50', '2020-03-24 15:53:50'),
(48, '3', '1', 6, '2020-03-25 04:53:14', '2020-03-25 04:53:14'),
(49, '4', '1', 4, '2020-03-25 04:53:48', '2020-03-25 04:53:48'),
(50, '1', '1', 10, '2020-03-25 04:54:52', '2020-03-25 04:54:52'),
(51, '4', '1', 5, '2020-03-25 05:03:10', '2020-03-25 05:03:10'),
(52, '1', '1', 11, '2020-03-25 05:06:41', '2020-03-25 05:06:41'),
(53, '1', '1', 12, '2020-03-25 05:18:16', '2020-03-25 05:18:16'),
(54, '3', '1', 7, '2020-03-25 05:18:52', '2020-03-25 05:18:52'),
(55, '2', '1', 6, '2020-03-25 05:25:14', '2020-03-25 05:25:14'),
(56, '5', '1', 2, '2020-03-25 05:37:31', '2020-03-25 05:37:31');

-- --------------------------------------------------------

--
-- Table structure for table `payments`
--

CREATE TABLE `payments` (
  `id` int(10) UNSIGNED NOT NULL,
  `description` text COLLATE utf8mb4_unicode_ci,
  `amount` varchar(100) COLLATE utf8mb4_unicode_ci DEFAULT NULL,
  `date` varchar(100) COLLATE utf8mb4_unicode_ci DEFAULT NULL,
  `created_at` timestamp NULL DEFAULT NULL,
  `updated_at` timestamp NULL DEFAULT NULL
) ENGINE=InnoDB DEFAULT CHARSET=utf8mb4 COLLATE=utf8mb4_unicode_ci;

--
-- Dumping data for table `payments`
--

INSERT INTO `payments` (`id`, `description`, `amount`, `date`, `created_at`, `updated_at`) VALUES
(1, 'My very first payment', '34000', '2020-02-01', '2020-02-20 09:17:55', '2020-02-20 09:17:55'),
(2, 'Payment for some stuff I owe somebody', '800000', '2020-02-20 00:00:00', '2020-02-20 09:46:31', '2020-02-20 09:46:31'),
(4, 'Salary payment', '506000', '2020-03-31 23:59:59', '2020-03-26 01:52:55', '2020-03-26 01:52:55'),
(5, 'asdfa asdf asd asdf', '230000', '2020-12-01 00:00:00', '2020-03-26 11:53:06', '2020-03-26 11:53:06');

-- --------------------------------------------------------

--
-- Table structure for table `payment_modes`
--

CREATE TABLE `payment_modes` (
  `payment_mode_id` int(10) UNSIGNED NOT NULL,
  `name` varchar(191) COLLATE utf8mb4_unicode_ci NOT NULL,
  `created_at` timestamp NULL DEFAULT NULL,
  `updated_at` timestamp NULL DEFAULT NULL
) ENGINE=MyISAM DEFAULT CHARSET=utf8mb4 COLLATE=utf8mb4_unicode_ci;

-- --------------------------------------------------------

--
-- Table structure for table `payrolls`
--

CREATE TABLE `payrolls` (
  `id` int(10) UNSIGNED NOT NULL,
  `month` varchar(100) COLLATE utf8mb4_unicode_ci NOT NULL,
  `year` varchar(100) COLLATE utf8mb4_unicode_ci NOT NULL,
  `total_amount` varchar(100) COLLATE utf8mb4_unicode_ci NOT NULL,
  `created_at` timestamp NULL DEFAULT NULL,
  `updated_at` timestamp NULL DEFAULT NULL
) ENGINE=InnoDB DEFAULT CHARSET=utf8mb4 COLLATE=utf8mb4_unicode_ci;

--
-- Dumping data for table `payrolls`
--

INSERT INTO `payrolls` (`id`, `month`, `year`, `total_amount`, `created_at`, `updated_at`) VALUES
(1, '3', '2020', '506000', '2020-03-26 01:51:54', '2020-03-26 01:51:54'),
(2, '3', '2020', '506000', '2020-03-26 01:52:54', '2020-03-26 01:52:54');

-- --------------------------------------------------------

--
-- Table structure for table `payroll_items`
--

CREATE TABLE `payroll_items` (
  `id` int(10) UNSIGNED NOT NULL,
  `payroll_id` int(11) NOT NULL,
  `employee_id` int(11) NOT NULL,
  `net_salary` varchar(100) COLLATE utf8mb4_unicode_ci NOT NULL,
  `status` varchar(100) COLLATE utf8mb4_unicode_ci DEFAULT NULL,
  `created_at` timestamp NULL DEFAULT NULL,
  `updated_at` timestamp NULL DEFAULT NULL
) ENGINE=InnoDB DEFAULT CHARSET=utf8mb4 COLLATE=utf8mb4_unicode_ci;

--
-- Dumping data for table `payroll_items`
--

INSERT INTO `payroll_items` (`id`, `payroll_id`, `employee_id`, `net_salary`, `status`, `created_at`, `updated_at`) VALUES
(1, 1, 2, '1000', NULL, '2020-03-26 01:51:54', '2020-03-26 01:51:54'),
(2, 1, 3, '1000', NULL, '2020-03-26 01:51:54', '2020-03-26 01:51:54'),
(3, 1, 4, '1000', NULL, '2020-03-26 01:51:54', '2020-03-26 01:51:54'),
(4, 1, 5, '1000', NULL, '2020-03-26 01:51:54', '2020-03-26 01:51:54'),
(5, 1, 6, '1000', NULL, '2020-03-26 01:51:54', '2020-03-26 01:51:54'),
(6, 1, 7, '1000', NULL, '2020-03-26 01:51:54', '2020-03-26 01:51:54'),
(7, 1, 12, '500000', NULL, '2020-03-26 01:51:54', '2020-03-26 01:51:54'),
(8, 2, 2, '1000', NULL, '2020-03-26 01:52:54', '2020-03-26 01:52:54'),
(9, 2, 3, '1000', NULL, '2020-03-26 01:52:54', '2020-03-26 01:52:54'),
(10, 2, 4, '1000', NULL, '2020-03-26 01:52:54', '2020-03-26 01:52:54'),
(11, 2, 5, '1000', NULL, '2020-03-26 01:52:54', '2020-03-26 01:52:54'),
(12, 2, 6, '1000', NULL, '2020-03-26 01:52:54', '2020-03-26 01:52:54'),
(13, 2, 7, '1000', NULL, '2020-03-26 01:52:54', '2020-03-26 01:52:54'),
(14, 2, 12, '500000', NULL, '2020-03-26 01:52:54', '2020-03-26 01:52:54');

-- --------------------------------------------------------

--
-- Table structure for table `payroll_item_additions`
--

CREATE TABLE `payroll_item_additions` (
  `id` int(10) UNSIGNED NOT NULL,
  `payroll_item_id` int(11) NOT NULL,
  `description` varchar(100) COLLATE utf8mb4_unicode_ci DEFAULT NULL,
  `addedd_amount` varchar(100) COLLATE utf8mb4_unicode_ci NOT NULL,
  `created_at` timestamp NULL DEFAULT NULL,
  `updated_at` timestamp NULL DEFAULT NULL
) ENGINE=InnoDB DEFAULT CHARSET=utf8mb4 COLLATE=utf8mb4_unicode_ci;

-- --------------------------------------------------------

--
-- Table structure for table `payroll_item_deductions`
--

CREATE TABLE `payroll_item_deductions` (
  `id` int(10) UNSIGNED NOT NULL,
  `payroll_item_id` int(11) NOT NULL,
  `description` varchar(100) COLLATE utf8mb4_unicode_ci DEFAULT NULL,
  `deducted_amount` varchar(100) COLLATE utf8mb4_unicode_ci NOT NULL,
  `created_at` timestamp NULL DEFAULT NULL,
  `updated_at` timestamp NULL DEFAULT NULL
) ENGINE=InnoDB DEFAULT CHARSET=utf8mb4 COLLATE=utf8mb4_unicode_ci;

-- --------------------------------------------------------

--
-- Table structure for table `pharmacy_lists`
--

CREATE TABLE `pharmacy_lists` (
  `id` int(10) UNSIGNED NOT NULL,
  `patient_registration_no` varchar(191) COLLATE utf8mb4_unicode_ci NOT NULL,
  `visit_no` int(11) NOT NULL,
  `billing_id` int(11) NOT NULL,
  `created_at` timestamp NULL DEFAULT NULL,
  `updated_at` timestamp NULL DEFAULT NULL
) ENGINE=MyISAM DEFAULT CHARSET=utf8mb4 COLLATE=utf8mb4_unicode_ci;

-- --------------------------------------------------------

--
-- Table structure for table `prescriptions`
--

CREATE TABLE `prescriptions` (
  `prescription_id` int(10) UNSIGNED NOT NULL,
  `doc_id` varchar(191) COLLATE utf8mb4_unicode_ci NOT NULL,
  `patient_reg_no` varchar(191) COLLATE utf8mb4_unicode_ci NOT NULL,
  `cace_history` mediumtext COLLATE utf8mb4_unicode_ci NOT NULL,
  `medication` mediumtext COLLATE utf8mb4_unicode_ci NOT NULL,
  `description` mediumtext COLLATE utf8mb4_unicode_ci NOT NULL,
  `medication_from_pharmacist` mediumtext COLLATE utf8mb4_unicode_ci NOT NULL,
  `diagnosis_id` varchar(191) COLLATE utf8mb4_unicode_ci NOT NULL,
  `created_at` timestamp NULL DEFAULT NULL,
  `updated_at` timestamp NULL DEFAULT NULL
) ENGINE=MyISAM DEFAULT CHARSET=utf8mb4 COLLATE=utf8mb4_unicode_ci;

-- --------------------------------------------------------

--
-- Table structure for table `quality_control_members`
--

CREATE TABLE `quality_control_members` (
  `id` int(10) UNSIGNED NOT NULL,
  `user_id` int(11) NOT NULL,
  `status` varchar(100) COLLATE utf8mb4_unicode_ci DEFAULT NULL,
  `created_at` timestamp NULL DEFAULT NULL,
  `updated_at` timestamp NULL DEFAULT NULL
) ENGINE=InnoDB DEFAULT CHARSET=utf8mb4 COLLATE=utf8mb4_unicode_ci;

--
-- Dumping data for table `quality_control_members`
--

INSERT INTO `quality_control_members` (`id`, `user_id`, `status`, `created_at`, `updated_at`) VALUES
(1, 2, NULL, '2020-03-12 15:48:43', '2020-03-12 15:48:43'),
(2, 3, NULL, '2020-03-12 15:48:43', '2020-03-12 15:48:43'),
(3, 5, NULL, '2020-03-12 15:48:43', '2020-03-12 15:48:43'),
(4, 12, NULL, '2020-03-12 15:48:43', '2020-03-12 15:48:43');

-- --------------------------------------------------------

--
-- Table structure for table `request_equipments`
--

CREATE TABLE `request_equipments` (
  `id` int(10) UNSIGNED NOT NULL,
  `name` varchar(191) COLLATE utf8mb4_unicode_ci NOT NULL,
  `status` varchar(191) COLLATE utf8mb4_unicode_ci NOT NULL,
  `created_at` timestamp NULL DEFAULT NULL,
  `updated_at` timestamp NULL DEFAULT NULL
) ENGINE=MyISAM DEFAULT CHARSET=utf8mb4 COLLATE=utf8mb4_unicode_ci;

--
-- Dumping data for table `request_equipments`
--

INSERT INTO `request_equipments` (`id`, `name`, `status`, `created_at`, `updated_at`) VALUES
(1, 'some', '0', '2019-03-14 13:38:03', '2019-03-14 13:38:03'),
(2, 'syringe', 'requested', '2019-12-06 07:50:46', '2019-12-06 07:50:46'),
(3, 'df', 'requested', '2019-12-06 08:12:11', '2019-12-06 08:12:11'),
(4, 'asdf', 'requested', '2019-12-06 08:16:37', '2019-12-06 08:16:37'),
(5, 'another one', 'requested', '2019-12-06 08:16:48', '2019-12-06 08:16:48');

-- --------------------------------------------------------

--
-- Table structure for table `roles`
--

CREATE TABLE `roles` (
  `id` int(10) UNSIGNED NOT NULL,
  `name` varchar(191) COLLATE utf8mb4_unicode_ci NOT NULL,
  `description` varchar(191) COLLATE utf8mb4_unicode_ci NOT NULL,
  `created_at` timestamp NULL DEFAULT NULL,
  `updated_at` timestamp NULL DEFAULT NULL
) ENGINE=MyISAM DEFAULT CHARSET=utf8mb4 COLLATE=utf8mb4_unicode_ci;

--
-- Dumping data for table `roles`
--

INSERT INTO `roles` (`id`, `name`, `description`, `created_at`, `updated_at`) VALUES
(1, 'admin', 'An Administrator', '2019-02-08 08:58:44', '2019-02-08 08:58:44'),
(2, 'doctor', 'A doctor', '2019-02-08 08:58:44', '2019-02-08 08:58:44'),
(3, 'pharmacist', 'A Pharmacy User', '2019-02-08 08:58:44', '2019-02-08 08:58:44'),
(4, 'laboratorist', 'A laboratory User', '2019-02-08 08:58:44', '2019-02-08 08:58:44'),
(5, 'laboratorist_2', 'A Reception User', '2019-02-08 08:58:44', '2019-02-08 08:58:44'),
(6, 'receptionist', 'A Reception User', '2019-02-08 08:58:44', '2019-02-08 08:58:44'),
(7, 'billing', 'For the billing screen', '2019-02-08 08:58:44', '2019-02-08 08:58:44'),
(8, 'consultant', 'A Consultant', '2019-02-08 08:58:44', '2019-02-08 08:58:44');

-- --------------------------------------------------------

--
-- Table structure for table `role_user`
--

CREATE TABLE `role_user` (
  `id` int(10) UNSIGNED NOT NULL,
  `role_id` int(10) UNSIGNED NOT NULL,
  `user_id` int(10) UNSIGNED NOT NULL,
  `created_at` timestamp NULL DEFAULT NULL,
  `updated_at` timestamp NULL DEFAULT NULL
) ENGINE=MyISAM DEFAULT CHARSET=utf8mb4 COLLATE=utf8mb4_unicode_ci;

--
-- Dumping data for table `role_user`
--

INSERT INTO `role_user` (`id`, `role_id`, `user_id`, `created_at`, `updated_at`) VALUES
(1, 1, 1, '2019-02-08 08:58:44', '2019-02-08 08:58:44'),
(2, 2, 2, '2019-02-08 08:58:45', '2019-02-08 08:58:45'),
(3, 3, 3, '2019-02-08 08:58:45', '2019-02-08 08:58:45'),
(4, 4, 4, '2019-02-08 08:58:45', '2019-02-08 08:58:45'),
(5, 5, 5, '2019-02-08 08:58:46', '2019-02-08 08:58:46'),
(6, 6, 6, '2019-02-08 08:58:46', '2019-02-08 08:58:46'),
(7, 7, 7, '2019-02-08 08:58:46', '2019-02-08 08:58:46'),
(8, 8, 8, '2020-02-17 19:47:07', '2020-02-17 19:47:07'),
(9, 8, 9, '2020-02-17 19:53:37', '2020-02-17 19:53:37'),
(14, 2, 12, '2020-03-12 15:48:17', '2020-03-12 15:48:17');

-- --------------------------------------------------------

--
-- Table structure for table `rooms`
--

CREATE TABLE `rooms` (
  `id` int(10) UNSIGNED NOT NULL,
  `name` varchar(191) COLLATE utf8mb4_unicode_ci NOT NULL,
  `use` varchar(191) COLLATE utf8mb4_unicode_ci DEFAULT NULL,
  `created_at` timestamp NULL DEFAULT NULL,
  `updated_at` timestamp NULL DEFAULT NULL
) ENGINE=MyISAM DEFAULT CHARSET=utf8mb4 COLLATE=utf8mb4_unicode_ci;

--
-- Dumping data for table `rooms`
--

INSERT INTO `rooms` (`id`, `name`, `use`, `created_at`, `updated_at`) VALUES
(1, 'Room 1', 'Consultation', '2019-02-08 08:58:46', '2019-02-08 08:58:46'),
(2, 'Room 2', 'Consultation', '2019-02-08 08:58:46', '2019-02-08 08:58:46');

-- --------------------------------------------------------

--
-- Table structure for table `schedules`
--

CREATE TABLE `schedules` (
  `id` int(10) UNSIGNED NOT NULL,
  `date` varchar(191) COLLATE utf8mb4_unicode_ci DEFAULT NULL,
  `time` varchar(191) COLLATE utf8mb4_unicode_ci DEFAULT NULL,
  `content` text COLLATE utf8mb4_unicode_ci,
  `url` varchar(100) COLLATE utf8mb4_unicode_ci DEFAULT NULL,
  `file_name` varchar(100) COLLATE utf8mb4_unicode_ci DEFAULT NULL,
  `status` varchar(100) COLLATE utf8mb4_unicode_ci DEFAULT NULL,
  `created_at` timestamp NULL DEFAULT NULL,
  `updated_at` timestamp NULL DEFAULT NULL,
  `type` varchar(100) COLLATE utf8mb4_unicode_ci NOT NULL DEFAULT 'qc'
) ENGINE=InnoDB DEFAULT CHARSET=utf8mb4 COLLATE=utf8mb4_unicode_ci;

--
-- Dumping data for table `schedules`
--

INSERT INTO `schedules` (`id`, `date`, `time`, `content`, `url`, `file_name`, `status`, `created_at`, `updated_at`, `type`) VALUES
(1, '2020-02-26', '15:19:21', 'nvvmn,nv,mmnbmbmn', NULL, NULL, NULL, '2020-02-25 12:20:37', '2020-02-26 12:58:14', 'qc');

-- --------------------------------------------------------

--
-- Table structure for table `services`
--

CREATE TABLE `services` (
  `id` int(10) UNSIGNED NOT NULL,
  `name` varchar(191) COLLATE utf8mb4_unicode_ci NOT NULL,
  `price` decimal(8,2) NOT NULL,
  `created_at` timestamp NULL DEFAULT NULL,
  `updated_at` timestamp NULL DEFAULT NULL,
  `trashed` varchar(100) COLLATE utf8mb4_unicode_ci DEFAULT 'false'
) ENGINE=MyISAM DEFAULT CHARSET=utf8mb4 COLLATE=utf8mb4_unicode_ci;

--
-- Dumping data for table `services`
--

INSERT INTO `services` (`id`, `name`, `price`, `created_at`, `updated_at`, `trashed`) VALUES
(1, 'To see a doctor', '15000.00', '2019-02-08 08:58:46', '2019-04-05 10:29:58', 'false'),
(2, 'To get medicine only', '2000.00', '2019-02-08 08:58:46', '2019-02-08 08:58:46', 'false'),
(3, 'For vital measurements only', '1000.00', '2019-02-08 08:58:46', '2019-02-08 08:58:46', 'false'),
(4, 'For investigation only', '7000.00', '2019-02-08 08:58:46', '2019-02-08 08:58:46', 'false'),
(5, 'Appointment', '10000.00', '2020-03-10 08:41:38', '2020-03-10 08:41:38', 'false');

-- --------------------------------------------------------

--
-- Table structure for table `service_modes`
--

CREATE TABLE `service_modes` (
  `id` int(10) UNSIGNED NOT NULL,
  `name` varchar(191) COLLATE utf8mb4_unicode_ci NOT NULL,
  `created_at` timestamp NULL DEFAULT NULL,
  `updated_at` timestamp NULL DEFAULT NULL,
  `price` varchar(191) COLLATE utf8mb4_unicode_ci NOT NULL,
  `trashed` varchar(100) COLLATE utf8mb4_unicode_ci DEFAULT 'false'
) ENGINE=MyISAM DEFAULT CHARSET=utf8mb4 COLLATE=utf8mb4_unicode_ci;

--
-- Dumping data for table `service_modes`
--

INSERT INTO `service_modes` (`id`, `name`, `created_at`, `updated_at`, `price`, `trashed`) VALUES
(1, 'Express', '2019-02-08 08:58:46', '2019-07-30 07:36:00', '4000', 'false'),
(2, 'Emergency', '2019-02-08 08:58:46', '2019-04-03 14:32:18', '4000', 'false'),
(3, 'Normal', '2019-02-08 08:58:46', '2019-07-30 07:34:43', '2000', 'false'),
(4, 'Another', '2019-07-30 07:29:56', '2019-07-30 07:33:14', '7000', 'true'),
(5, 'Another', '2019-07-30 07:33:38', '2019-07-30 07:34:05', '2323', 'true');

-- --------------------------------------------------------

--
-- Table structure for table `settings`
--

CREATE TABLE `settings` (
  `id` int(10) UNSIGNED NOT NULL,
  `name` varchar(191) COLLATE utf8mb4_unicode_ci NOT NULL,
  `value` varchar(191) COLLATE utf8mb4_unicode_ci NOT NULL,
  `created_at` timestamp NULL DEFAULT NULL,
  `updated_at` timestamp NULL DEFAULT NULL
) ENGINE=MyISAM DEFAULT CHARSET=utf8mb4 COLLATE=utf8mb4_unicode_ci;

--
-- Dumping data for table `settings`
--

INSERT INTO `settings` (`id`, `name`, `value`, `created_at`, `updated_at`) VALUES
(1, 'clinic_name', 'Charity Medical Center', '2019-02-08 09:03:21', '2020-03-26 08:06:40'),
(2, 'service_charge', '3000', '2019-02-08 09:03:21', '2019-02-08 11:13:28'),
(3, 'mkoa', 'Dar es Salaam', '2020-03-26 08:06:40', '2020-03-26 08:06:40'),
(4, 'wilaya', 'Ilala', '2020-03-26 08:06:40', '2020-03-26 08:06:40');

-- --------------------------------------------------------

--
-- Table structure for table `standard_operating_procedures`
--

CREATE TABLE `standard_operating_procedures` (
  `id` int(10) UNSIGNED NOT NULL,
  `url` varchar(100) COLLATE utf8mb4_unicode_ci DEFAULT NULL,
  `file_name` varchar(100) COLLATE utf8mb4_unicode_ci DEFAULT NULL,
  `description` text COLLATE utf8mb4_unicode_ci,
  `designation_id` int(11) NOT NULL,
  `created_at` timestamp NULL DEFAULT NULL,
  `updated_at` timestamp NULL DEFAULT NULL
) ENGINE=InnoDB DEFAULT CHARSET=utf8mb4 COLLATE=utf8mb4_unicode_ci;

--
-- Dumping data for table `standard_operating_procedures`
--

INSERT INTO `standard_operating_procedures` (`id`, `url`, `file_name`, `description`, `designation_id`, `created_at`, `updated_at`) VALUES
(1, 'standard_operating_procedures/e1djsWtRNKY3Oo9sSsR64Ypuc9jYzTNeJ8FukPem.pdf', 'https___necta.redemptiondemo.ml_e-profile_papers_read_question-paper_1.pdf', '-', 0, '2020-03-25 07:09:22', '2020-03-25 07:29:23');

-- --------------------------------------------------------

--
-- Table structure for table `stool_results`
--

CREATE TABLE `stool_results` (
  `id` int(10) UNSIGNED NOT NULL,
  `macro` text COLLATE utf8mb4_unicode_ci,
  `blood` varchar(191) COLLATE utf8mb4_unicode_ci DEFAULT NULL,
  `pus` varchar(191) COLLATE utf8mb4_unicode_ci DEFAULT NULL,
  `ova` varchar(191) COLLATE utf8mb4_unicode_ci DEFAULT NULL,
  `other` varchar(191) COLLATE utf8mb4_unicode_ci DEFAULT NULL,
  `from_machine` text COLLATE utf8mb4_unicode_ci,
  `lab_test_record_id` varchar(191) COLLATE utf8mb4_unicode_ci NOT NULL,
  `created_at` timestamp NULL DEFAULT NULL,
  `updated_at` timestamp NULL DEFAULT NULL
) ENGINE=MyISAM DEFAULT CHARSET=utf8mb4 COLLATE=utf8mb4_unicode_ci;

--
-- Dumping data for table `stool_results`
--

INSERT INTO `stool_results` (`id`, `macro`, `blood`, `pus`, `ova`, `other`, `from_machine`, `lab_test_record_id`, `created_at`, `updated_at`) VALUES
(1, NULL, NULL, NULL, NULL, NULL, NULL, '3', '2019-02-08 09:22:51', '2019-02-08 09:22:51'),
(2, NULL, NULL, NULL, NULL, NULL, NULL, '9', '2019-02-15 12:20:16', '2019-02-15 12:20:16'),
(3, NULL, NULL, NULL, NULL, NULL, NULL, '11', '2019-02-15 13:04:46', '2019-02-15 13:04:46'),
(4, NULL, 'nn', 'n', 'n', 'n', NULL, '14', '2019-02-18 11:54:21', '2019-02-18 12:38:37'),
(5, NULL, NULL, NULL, NULL, NULL, NULL, '20', '2019-04-03 14:36:53', '2019-04-03 14:36:53'),
(6, NULL, NULL, NULL, NULL, NULL, NULL, '23', '2019-04-05 10:38:09', '2019-04-05 10:38:09'),
(7, NULL, NULL, NULL, NULL, NULL, NULL, '26', '2019-04-05 10:38:36', '2019-04-05 10:38:36'),
(8, NULL, NULL, NULL, NULL, NULL, NULL, '43', '2020-02-12 08:24:34', '2020-02-12 08:24:34'),
(9, NULL, NULL, NULL, NULL, NULL, NULL, '48', '2020-02-18 16:42:41', '2020-02-18 16:42:41'),
(10, NULL, NULL, NULL, NULL, NULL, NULL, '53', '2020-03-24 14:41:27', '2020-03-24 14:41:27'),
(11, NULL, NULL, NULL, NULL, NULL, NULL, '57', '2020-03-24 14:42:22', '2020-03-24 14:42:22'),
(12, 'null', 'no', 'no', 'no', '-', NULL, '61', '2020-03-24 14:50:26', '2020-03-24 14:51:55');

-- --------------------------------------------------------

--
-- Table structure for table `suppler_payments`
--

CREATE TABLE `suppler_payments` (
  `id` int(10) UNSIGNED NOT NULL,
  `supplier_id` int(11) NOT NULL,
  `payment_id` int(11) NOT NULL,
  `created_at` timestamp NULL DEFAULT NULL,
  `updated_at` timestamp NULL DEFAULT NULL
) ENGINE=InnoDB DEFAULT CHARSET=utf8mb4 COLLATE=utf8mb4_unicode_ci;

-- --------------------------------------------------------

--
-- Table structure for table `suppliers`
--

CREATE TABLE `suppliers` (
  `id` int(10) UNSIGNED NOT NULL,
  `name` varchar(191) COLLATE utf8mb4_unicode_ci NOT NULL,
  `address` varchar(191) COLLATE utf8mb4_unicode_ci NOT NULL,
  `contact_person` varchar(191) COLLATE utf8mb4_unicode_ci NOT NULL,
  `phone_no` varchar(191) COLLATE utf8mb4_unicode_ci NOT NULL,
  `created_at` timestamp NULL DEFAULT NULL,
  `updated_at` timestamp NULL DEFAULT NULL
) ENGINE=MyISAM DEFAULT CHARSET=utf8mb4 COLLATE=utf8mb4_unicode_ci;

--
-- Dumping data for table `suppliers`
--

INSERT INTO `suppliers` (`id`, `name`, `address`, `contact_person`, `phone_no`, `created_at`, `updated_at`) VALUES
(1, 'Medical sups', 'dar', 'John D', '0754232323', '2020-02-04 07:39:51', '2020-03-26 12:17:52'),
(2, 'John Pharmaceuticals', 'Dar', 'John', '0734883388', '2020-02-05 11:39:34', '2020-02-05 11:39:34'),
(4, 'Kelvin Thomas', 'Kenya', 'Shelby Medical', '08383838', '2020-02-05 11:46:05', '2020-02-05 11:46:05'),
(5, 'Anderson Stevens', 'Kisutu', 'Adrian', '23452345', '2020-02-05 11:47:52', '2020-02-05 11:47:52'),
(6, 'Harley Quinn', 'Gotham', 'Arthur', '023442', '2020-02-05 11:49:14', '2020-02-05 11:49:14'),
(7, 'Two', 'Dar', 'Andrew', '0743883388', '2020-03-12 14:17:28', '2020-03-12 14:17:28'),
(8, 'MSD', 'Dar', 'John', '0765223311', '2020-03-26 11:21:06', '2020-03-26 11:21:06');

-- --------------------------------------------------------

--
-- Table structure for table `supplier_equipments`
--

CREATE TABLE `supplier_equipments` (
  `id` int(10) UNSIGNED NOT NULL,
  `equipment_id` int(11) DEFAULT NULL,
  `price` varchar(100) COLLATE utf8mb4_unicode_ci NOT NULL,
  `supplier_id` int(11) DEFAULT NULL,
  `created_at` timestamp NULL DEFAULT NULL,
  `updated_at` timestamp NULL DEFAULT NULL
) ENGINE=InnoDB DEFAULT CHARSET=utf8mb4 COLLATE=utf8mb4_unicode_ci;

--
-- Dumping data for table `supplier_equipments`
--

INSERT INTO `supplier_equipments` (`id`, `equipment_id`, `price`, `supplier_id`, `created_at`, `updated_at`) VALUES
(2, 1, '5000', 1, '2020-03-26 11:12:01', '2020-03-26 11:12:01'),
(3, 1, '2000', 8, '2020-03-26 11:21:06', '2020-03-26 11:21:06'),
(4, 2, '2000', 8, '2020-03-26 11:21:06', '2020-03-26 11:21:06');

-- --------------------------------------------------------

--
-- Table structure for table `supplier_medicines`
--

CREATE TABLE `supplier_medicines` (
  `id` int(10) UNSIGNED NOT NULL,
  `supplier_id` int(11) NOT NULL,
  `medicine_id` int(11) NOT NULL,
  `created_at` timestamp NULL DEFAULT NULL,
  `updated_at` timestamp NULL DEFAULT NULL,
  `price` varchar(191) COLLATE utf8mb4_unicode_ci NOT NULL
) ENGINE=MyISAM DEFAULT CHARSET=utf8mb4 COLLATE=utf8mb4_unicode_ci;

--
-- Dumping data for table `supplier_medicines`
--

INSERT INTO `supplier_medicines` (`id`, `supplier_id`, `medicine_id`, `created_at`, `updated_at`, `price`) VALUES
(18, 1, 1, '2020-02-05 14:06:51', '2020-02-05 14:06:51', '23412341234'),
(3, 2, 2, '2020-02-05 11:39:35', '2020-02-05 11:39:35', '2000'),
(4, 2, 2, '2020-02-05 11:39:35', '2020-02-05 11:39:35', '1999'),
(5, 4, 1, '2020-02-05 11:46:05', '2020-02-05 11:46:05', '23423'),
(6, 4, 2, '2020-02-05 11:46:05', '2020-02-05 11:46:05', '5600'),
(7, 5, 1, '2020-02-05 11:47:52', '2020-02-05 11:47:52', '45300'),
(8, 5, 2, '2020-02-05 11:47:52', '2020-02-05 11:47:52', '23000'),
(9, 6, 1, '2020-02-05 11:49:14', '2020-02-05 11:49:14', '4000'),
(20, 7, 1, '2020-03-12 14:17:28', '2020-03-12 14:17:28', '3'),
(19, 1, 2, '2020-02-06 09:09:19', '2020-02-06 09:09:19', '400'),
(21, 8, 1, '2020-03-26 11:21:06', '2020-03-26 11:21:06', '1200'),
(22, 8, 2, '2020-03-26 11:21:06', '2020-03-26 11:21:06', '1500');

-- --------------------------------------------------------

--
-- Table structure for table `supplier_payments`
--

CREATE TABLE `supplier_payments` (
  `id` int(10) UNSIGNED NOT NULL,
  `supplier_id` int(11) NOT NULL,
  `payment_id` int(11) NOT NULL,
  `created_at` timestamp NULL DEFAULT NULL,
  `updated_at` timestamp NULL DEFAULT NULL
) ENGINE=InnoDB DEFAULT CHARSET=utf8mb4 COLLATE=utf8mb4_unicode_ci;

--
-- Dumping data for table `supplier_payments`
--

INSERT INTO `supplier_payments` (`id`, `supplier_id`, `payment_id`, `created_at`, `updated_at`) VALUES
(1, 1, 5, '2020-03-26 11:53:06', '2020-03-26 11:53:06');

-- --------------------------------------------------------

--
-- Table structure for table `symptoms`
--

CREATE TABLE `symptoms` (
  `id` int(10) UNSIGNED NOT NULL,
  `name` varchar(191) COLLATE utf8mb4_unicode_ci NOT NULL,
  `created_at` timestamp NULL DEFAULT NULL,
  `updated_at` timestamp NULL DEFAULT NULL
) ENGINE=MyISAM DEFAULT CHARSET=utf8mb4 COLLATE=utf8mb4_unicode_ci;

--
-- Dumping data for table `symptoms`
--

INSERT INTO `symptoms` (`id`, `name`, `created_at`, `updated_at`) VALUES
(1, 'aasdfadsfasd', '2019-02-08 11:22:37', '2019-02-08 11:22:37'),
(2, 'a', '2019-02-08 11:22:37', '2019-02-08 11:22:37'),
(3, 'adf', '2019-02-08 11:22:37', '2019-02-08 11:22:37'),
(4, 'fever', '2019-04-03 14:36:53', '2019-04-03 14:36:53');

-- --------------------------------------------------------

--
-- Table structure for table `symptom_records`
--

CREATE TABLE `symptom_records` (
  `id` int(10) UNSIGNED NOT NULL,
  `visit_no` int(11) NOT NULL,
  `patient_registration_no` varchar(191) COLLATE utf8mb4_unicode_ci NOT NULL,
  `symptom_id` varchar(191) COLLATE utf8mb4_unicode_ci DEFAULT NULL,
  `created_at` timestamp NULL DEFAULT NULL,
  `updated_at` timestamp NULL DEFAULT NULL,
  `family_help_id` int(11) NOT NULL DEFAULT '0'
) ENGINE=MyISAM DEFAULT CHARSET=utf8mb4 COLLATE=utf8mb4_unicode_ci;

--
-- Dumping data for table `symptom_records`
--

INSERT INTO `symptom_records` (`id`, `visit_no`, `patient_registration_no`, `symptom_id`, `created_at`, `updated_at`, `family_help_id`) VALUES
(1, 1, '2', '1', '2019-02-08 11:22:37', '2019-02-08 11:22:37', 0),
(2, 1, '2', '2', '2019-02-08 11:22:37', '2019-02-08 11:22:37', 0),
(3, 1, '2', '3', '2019-02-08 11:22:37', '2019-02-08 11:22:37', 0),
(4, 2, '4', '2', '2019-02-15 07:53:57', '2019-02-15 07:53:57', 1),
(5, 2, '4', '1', '2019-02-15 12:19:26', '2019-02-15 12:19:26', 2),
(6, 2, '4', '2', '2019-02-15 12:19:26', '2019-02-15 12:19:26', 2),
(7, 2, '4', '3', '2019-02-15 12:19:26', '2019-02-15 12:19:26', 2),
(8, 2, '2', '1', '2019-02-18 11:33:00', '2019-02-18 11:33:00', 3),
(9, 2, '2', '2', '2019-02-18 11:33:00', '2019-02-18 11:33:00', 3),
(10, 3, '2', '1', '2019-03-06 11:48:18', '2019-03-06 11:48:18', 4),
(11, 3, '2', '2', '2019-03-06 12:01:05', '2019-03-06 12:01:05', 5),
(12, 1, '9', '4', '2019-04-03 14:36:53', '2019-04-03 14:36:53', 0),
(13, 1, '11', '2', '2019-05-13 14:08:35', '2019-05-13 14:08:35', 6),
(14, 1, '11', '4', '2019-05-13 14:08:35', '2019-05-13 14:08:35', 6),
(15, 1, '11', '2', '2019-05-13 14:10:12', '2019-05-13 14:10:12', 0),
(16, 1, '11', '3', '2019-05-13 14:10:12', '2019-05-13 14:10:12', 0),
(17, 1, '12', '1', '2019-05-24 11:51:42', '2019-05-24 11:51:42', 0),
(18, 1, '12', '3', '2019-05-24 11:51:42', '2019-05-24 11:51:42', 0),
(19, 1, '12', '2', '2019-06-12 11:12:18', '2019-06-12 11:12:18', 7),
(20, 1, '12', '4', '2019-06-13 12:12:18', '2019-06-13 12:12:18', 8),
(21, 4, '2', '4', '2019-07-30 11:44:22', '2019-07-30 11:44:22', 0),
(22, 1, '13', '2', '2019-12-05 09:29:56', '2019-12-05 09:29:56', 0),
(23, 3, '12', '1', '2020-02-12 08:24:34', '2020-02-12 08:24:34', 0),
(24, 3, '12', '4', '2020-02-12 08:24:34', '2020-02-12 08:24:34', 0),
(25, 4, '1', '1', '2020-02-13 10:51:43', '2020-02-13 10:51:43', 0),
(26, 4, '1', '3', '2020-02-13 10:51:43', '2020-02-13 10:51:43', 0),
(27, 4, '1', '4', '2020-02-13 10:51:43', '2020-02-13 10:51:43', 0),
(28, 5, '2', '3', '2020-02-18 16:42:41', '2020-02-18 16:42:41', 0),
(29, 6, '1', '2', '2020-03-23 08:14:58', '2020-03-23 08:14:58', 0),
(30, 5, '10', '3', '2020-03-25 09:21:02', '2020-03-25 09:21:02', 0),
(31, 2, '5', '2', '2020-03-26 07:15:57', '2020-03-26 07:15:57', 0);

-- --------------------------------------------------------

--
-- Table structure for table `units`
--

CREATE TABLE `units` (
  `id` int(10) UNSIGNED NOT NULL,
  `name` varchar(191) COLLATE utf8mb4_unicode_ci NOT NULL,
  `description` varchar(191) COLLATE utf8mb4_unicode_ci DEFAULT NULL,
  `created_at` timestamp NULL DEFAULT NULL,
  `updated_at` timestamp NULL DEFAULT NULL
) ENGINE=MyISAM DEFAULT CHARSET=utf8mb4 COLLATE=utf8mb4_unicode_ci;

--
-- Dumping data for table `units`
--

INSERT INTO `units` (`id`, `name`, `description`, `created_at`, `updated_at`) VALUES
(1, 'Unit 1', 'General Unit', '2019-02-08 08:58:46', '2019-02-08 08:58:46');

-- --------------------------------------------------------

--
-- Table structure for table `urinal_results`
--

CREATE TABLE `urinal_results` (
  `id` int(10) UNSIGNED NOT NULL,
  `macro` text COLLATE utf8mb4_unicode_ci,
  `blood` varchar(191) COLLATE utf8mb4_unicode_ci DEFAULT NULL,
  `color` varchar(191) COLLATE utf8mb4_unicode_ci DEFAULT NULL,
  `pus` varchar(191) COLLATE utf8mb4_unicode_ci DEFAULT NULL,
  `ova` varchar(191) COLLATE utf8mb4_unicode_ci DEFAULT NULL,
  `other` varchar(191) COLLATE utf8mb4_unicode_ci DEFAULT NULL,
  `from_machine` text COLLATE utf8mb4_unicode_ci,
  `lab_test_record_id` varchar(191) COLLATE utf8mb4_unicode_ci NOT NULL,
  `created_at` timestamp NULL DEFAULT NULL,
  `updated_at` timestamp NULL DEFAULT NULL
) ENGINE=MyISAM DEFAULT CHARSET=utf8mb4 COLLATE=utf8mb4_unicode_ci;

--
-- Dumping data for table `urinal_results`
--

INSERT INTO `urinal_results` (`id`, `macro`, `blood`, `color`, `pus`, `ova`, `other`, `from_machine`, `lab_test_record_id`, `created_at`, `updated_at`) VALUES
(1, NULL, NULL, NULL, NULL, NULL, NULL, NULL, '2', '2019-02-08 09:22:51', '2019-02-08 09:22:51'),
(2, NULL, NULL, NULL, NULL, NULL, NULL, NULL, '5', '2019-02-08 11:22:37', '2019-02-08 11:22:37'),
(3, 'asdfa', 'asdf', 'fasdf', 'asdf', 'asdfasdf', 'adf', NULL, '6', '2019-02-15 07:53:57', '2019-02-15 08:05:23'),
(4, NULL, NULL, NULL, NULL, NULL, NULL, NULL, '8', '2019-02-15 12:19:26', '2019-02-15 12:19:26'),
(5, 'adsf', 'dfasdf', 'asdfa', 'asdfa', 'asdf', 'asdf', NULL, '13', '2019-02-18 11:33:01', '2019-02-18 12:34:47'),
(6, NULL, NULL, NULL, NULL, NULL, NULL, NULL, '15', '2019-03-06 11:48:18', '2019-03-06 11:48:18'),
(7, NULL, NULL, NULL, NULL, NULL, NULL, NULL, '16', '2019-03-06 12:01:05', '2019-03-06 12:01:05'),
(8, 'sdfg', 'fasdff', 'fda', 'asdf', 'asdf', 'adfa', NULL, '17', '2019-03-06 12:38:47', '2019-03-06 12:40:22'),
(9, NULL, NULL, NULL, NULL, NULL, NULL, NULL, '19', '2019-04-03 14:36:53', '2019-04-03 14:36:53'),
(10, NULL, NULL, NULL, NULL, NULL, NULL, NULL, '22', '2019-04-05 10:38:09', '2019-04-05 10:38:09'),
(11, NULL, NULL, NULL, NULL, NULL, NULL, NULL, '25', '2019-04-05 10:38:36', '2019-04-05 10:38:36'),
(12, NULL, NULL, NULL, NULL, NULL, NULL, NULL, '27', '2019-04-05 10:41:43', '2019-04-05 10:41:43'),
(13, NULL, NULL, NULL, NULL, NULL, NULL, NULL, '29', '2019-05-13 14:08:35', '2019-05-13 14:08:35'),
(14, NULL, NULL, NULL, NULL, NULL, NULL, NULL, '31', '2019-05-13 14:10:12', '2019-05-13 14:10:12'),
(15, 'oo', 'oo', 'oo', 'oo', 'oo', 'oo', NULL, '33', '2019-05-14 08:35:57', '2019-05-14 09:10:04'),
(16, NULL, 'dfdf', 'dfdf', NULL, NULL, NULL, NULL, '35', '2019-05-24 11:51:43', '2019-05-24 11:56:02'),
(17, NULL, NULL, NULL, NULL, NULL, NULL, NULL, '36', '2019-06-12 11:12:18', '2019-06-12 11:12:18'),
(18, NULL, NULL, NULL, NULL, NULL, NULL, NULL, '42', '2020-02-12 08:24:34', '2020-02-12 08:24:34'),
(19, 'asdf', 'asd', 'sdfas', 'fasd', 'asdff', 'asdf', NULL, '45', '2020-02-13 10:51:43', '2020-02-13 11:00:35'),
(20, NULL, NULL, NULL, NULL, NULL, NULL, NULL, '47', '2020-02-18 16:42:41', '2020-02-18 16:42:41'),
(21, 'sdfas', 'dfasd', 'dfas', 'asdfadsf', 'asdf', 'asdf', NULL, '50', '2020-03-24 10:55:31', '2020-03-24 10:56:41'),
(22, NULL, NULL, NULL, NULL, NULL, NULL, NULL, '52', '2020-03-24 14:41:27', '2020-03-24 14:41:27'),
(23, NULL, NULL, NULL, NULL, NULL, NULL, NULL, '56', '2020-03-24 14:42:22', '2020-03-24 14:42:22'),
(24, 'null', 'none', 'gray', 'no', 'no', '-', NULL, '60', '2020-03-24 14:50:26', '2020-03-24 14:51:55'),
(25, NULL, NULL, NULL, NULL, NULL, NULL, NULL, '64', '2020-03-25 09:21:02', '2020-03-25 09:21:02');

-- --------------------------------------------------------

--
-- Table structure for table `users`
--

CREATE TABLE `users` (
  `id` int(10) UNSIGNED NOT NULL,
  `name` varchar(191) COLLATE utf8mb4_unicode_ci NOT NULL,
  `email` varchar(191) COLLATE utf8mb4_unicode_ci NOT NULL,
  `password` varchar(191) COLLATE utf8mb4_unicode_ci NOT NULL,
  `avatar` varchar(191) COLLATE utf8mb4_unicode_ci DEFAULT NULL,
  `employee_id` varchar(191) COLLATE utf8mb4_unicode_ci DEFAULT NULL,
  `remember_token` varchar(100) COLLATE utf8mb4_unicode_ci DEFAULT NULL,
  `created_at` timestamp NULL DEFAULT NULL,
  `updated_at` timestamp NULL DEFAULT NULL,
  `phone_no` varchar(100) COLLATE utf8mb4_unicode_ci DEFAULT NULL,
  `employee_code` varchar(100) COLLATE utf8mb4_unicode_ci DEFAULT NULL,
  `joining_date` varchar(100) COLLATE utf8mb4_unicode_ci DEFAULT NULL,
  `gender` varchar(100) COLLATE utf8mb4_unicode_ci DEFAULT NULL,
  `address` text COLLATE utf8mb4_unicode_ci,
  `department_id` varchar(100) COLLATE utf8mb4_unicode_ci DEFAULT NULL,
  `fee` varchar(100) COLLATE utf8mb4_unicode_ci DEFAULT NULL,
  `commission` varchar(100) COLLATE utf8mb4_unicode_ci DEFAULT NULL,
  `salary` varchar(100) COLLATE utf8mb4_unicode_ci NOT NULL DEFAULT '1000'
) ENGINE=MyISAM DEFAULT CHARSET=utf8mb4 COLLATE=utf8mb4_unicode_ci;

--
-- Dumping data for table `users`
--

INSERT INTO `users` (`id`, `name`, `email`, `password`, `avatar`, `employee_id`, `remember_token`, `created_at`, `updated_at`, `phone_no`, `employee_code`, `joining_date`, `gender`, `address`, `department_id`, `fee`, `commission`, `salary`) VALUES
(1, 'Admin', 'admin@clinic.com', '$2y$10$t4eXoMw1fdNdSP0kdgArYOBhkmdFtSeqA9Frgch14.bhgqK9FYISm', NULL, NULL, 'kVwNwXoZiQh1WfH9pQLDALhU9C3gyYcBOIWae76ezxwtF3Ks2LD960azxHzr', '2019-02-08 08:58:44', '2019-02-08 08:58:44', NULL, NULL, NULL, NULL, NULL, NULL, NULL, NULL, '1000'),
(2, 'Doctor', 'doctor@clinic.com', '$2y$10$Wbkkx/ihocmzslEEdCGPm.xSFRLhdloRH3izBe8zgmPcpaV9fgr5q', NULL, NULL, '4kLoPOdYblfH1oGaIJQuvlB8d1biE55RBE9iE8OiTIJwgd5HblvSdxTSZuHf', '2019-02-08 08:58:45', '2019-02-08 08:58:45', NULL, NULL, NULL, NULL, NULL, NULL, NULL, NULL, '1000'),
(3, 'Pharmacist', 'pharmacist@clinic.com', '$2y$10$S4q562LfR27xPp9eFRVpxeu9OcKlGh259.M7qLRREavMO7k4cxKn2', NULL, NULL, NULL, '2019-02-08 08:58:45', '2019-02-08 08:58:45', NULL, NULL, NULL, NULL, NULL, NULL, NULL, NULL, '1000'),
(4, 'Laboratorist', 'lab@clinic.com', '$2y$10$rSkWmNhC9wlpZVtuyXP8uO/vXGyN1rON/o9I/1Y0JpPct7EHLCJ/G', NULL, NULL, NULL, '2019-02-08 08:58:45', '2019-02-08 08:58:45', NULL, NULL, NULL, NULL, NULL, NULL, NULL, NULL, '1000'),
(5, 'Laboratorist 2', 'lab2@clinic.com', '$2y$10$0yg8pV72nUoHgAUaGIW/iu.GMbfqrhL7fP5KdqAmYY26BGB0Sv2C6', NULL, NULL, NULL, '2019-02-08 08:58:46', '2019-02-08 08:58:46', NULL, NULL, NULL, NULL, NULL, NULL, NULL, NULL, '1000'),
(6, 'Receptionist', 'receptionist@clinic.com', '$2y$10$.WcUSLugxjXN84AhF7BiLOhIHkNgFq1ywnnjmCSq.hZPmvvXZuFwa', NULL, NULL, 'QTkSlaiCHQebxQFJcXJmtkT6rFexnkNLq4XgQh2sVZO8KqXUbyNt5zlaRPmR', '2019-02-08 08:58:46', '2019-02-08 08:58:46', NULL, NULL, NULL, NULL, NULL, NULL, NULL, NULL, '1000'),
(7, 'Billing', 'billing@clinic.com', '$2y$10$VLGQ8ukP94u6HyTZ73yBmeJjiihi4hXT021IVetvgjFiVziiZS4Cy', NULL, NULL, NULL, '2019-02-08 08:58:46', '2020-02-25 17:07:17', NULL, NULL, '2020-02-25', 'male', NULL, '7', NULL, NULL, '1000'),
(8, 'John Peter', 'john@email.com', '$2y$10$E.VLU0BWB8oSmNu6FPIa/eKuiGBVJv.IOkc/PuOspqIRgUaXOoul2', NULL, NULL, NULL, '2020-02-17 19:47:07', '2020-03-25 05:33:03', '0754484731', NULL, NULL, NULL, 'dar', NULL, '3400', NULL, '1000'),
(12, 'Sarfaraz', 'sarfaraz@legendaryits.com', '$2y$10$.wWSj0IhgYaR/Dz1e.MPR.G8ODWcctSM/X/IhKrbswbTUYOq6uK6a', NULL, NULL, NULL, '2020-03-12 15:48:17', '2020-03-26 00:59:57', '0765532211', 'sd', '2020-03-12', 'male', NULL, '2', NULL, NULL, '500000');

-- --------------------------------------------------------

--
-- Table structure for table `vitals`
--

CREATE TABLE `vitals` (
  `id` int(10) UNSIGNED NOT NULL,
  `patient_reg_no` varchar(191) COLLATE utf8mb4_unicode_ci NOT NULL,
  `weight` varchar(191) COLLATE utf8mb4_unicode_ci DEFAULT NULL,
  `height` varchar(191) COLLATE utf8mb4_unicode_ci DEFAULT NULL,
  `blood_pressure` varchar(191) COLLATE utf8mb4_unicode_ci DEFAULT NULL,
  `pulse_rate` varchar(191) COLLATE utf8mb4_unicode_ci DEFAULT NULL,
  `respiratory_rate` varchar(191) COLLATE utf8mb4_unicode_ci DEFAULT NULL,
  `temperature` varchar(191) COLLATE utf8mb4_unicode_ci DEFAULT NULL,
  `other` varchar(191) COLLATE utf8mb4_unicode_ci DEFAULT NULL,
  `nurse` varchar(191) COLLATE utf8mb4_unicode_ci DEFAULT NULL,
  `created_at` timestamp NULL DEFAULT NULL,
  `updated_at` timestamp NULL DEFAULT NULL,
  `visit_no` int(11) NOT NULL
) ENGINE=MyISAM DEFAULT CHARSET=utf8mb4 COLLATE=utf8mb4_unicode_ci;

--
-- Dumping data for table `vitals`
--

INSERT INTO `vitals` (`id`, `patient_reg_no`, `weight`, `height`, `blood_pressure`, `pulse_rate`, `respiratory_rate`, `temperature`, `other`, `nurse`, `created_at`, `updated_at`, `visit_no`) VALUES
(1, '1', '3', NULL, '3', NULL, NULL, '3', NULL, NULL, '2019-02-08 09:19:14', '2019-02-08 09:19:14', 1),
(2, '2', '23', NULL, '323', '44', NULL, '123', NULL, NULL, '2019-02-08 11:21:12', '2019-02-18 13:19:52', 1),
(3, '3', '32', NULL, '23', NULL, NULL, '23', NULL, NULL, '2019-02-08 12:49:47', '2019-02-08 12:49:47', 1),
(4, '4', '23', NULL, '23', '88', NULL, '323', NULL, NULL, '2019-02-11 09:51:02', '2019-02-15 13:29:14', 1),
(5, '5', '345', NULL, '345', NULL, NULL, '34', NULL, NULL, '2019-02-11 09:51:32', '2019-02-11 09:51:32', 1),
(6, '3', '33', NULL, '3', NULL, NULL, '3', NULL, NULL, '2019-02-14 13:28:20', '2019-02-14 13:28:20', 2),
(7, '4', '33', NULL, '33', NULL, NULL, '33', NULL, NULL, '2019-02-15 07:25:10', '2019-02-15 07:25:10', 2),
(8, '1', '12', NULL, '12', NULL, NULL, '12', NULL, NULL, '2019-02-15 13:40:47', '2019-02-15 13:40:47', 2),
(9, '3', '23', NULL, '120', NULL, NULL, '43', NULL, NULL, '2019-02-18 11:25:10', '2019-02-18 11:25:10', 3),
(10, '6', '45', NULL, '110', NULL, NULL, '100', NULL, NULL, '2019-02-18 11:26:06', '2019-02-18 11:26:06', 1),
(11, '7', '34', NULL, '100', NULL, NULL, '120', NULL, NULL, '2019-02-18 11:27:03', '2019-02-18 11:27:03', 1),
(12, '8', '4', NULL, NULL, NULL, NULL, '35', NULL, NULL, '2019-02-18 11:29:35', '2019-02-18 11:29:35', 1),
(13, '2', '32', NULL, '123', NULL, NULL, '36', NULL, NULL, '2019-02-18 11:30:51', '2019-02-18 11:30:51', 2),
(14, '1', '33', NULL, '33', NULL, NULL, '33', NULL, NULL, '2019-03-04 07:45:44', '2019-03-04 07:45:44', 3),
(15, '2', NULL, NULL, NULL, NULL, NULL, NULL, NULL, NULL, '2019-03-06 07:32:03', '2019-03-06 07:32:03', 3),
(16, '9', '12', NULL, NULL, NULL, NULL, '35', NULL, NULL, '2019-04-03 14:34:08', '2019-04-03 14:34:08', 1),
(17, '10', '23', NULL, NULL, NULL, NULL, '23', NULL, NULL, '2019-04-05 10:31:44', '2019-04-05 10:31:44', 1),
(18, '11', '65', NULL, '123', NULL, NULL, '45', NULL, NULL, '2019-05-13 14:07:10', '2019-05-13 14:07:10', 1),
(19, '11', '55', NULL, '112', NULL, NULL, '45', NULL, NULL, '2019-05-14 08:28:47', '2019-05-14 08:28:47', 2),
(20, '3', '434', NULL, NULL, NULL, NULL, NULL, NULL, NULL, '2019-05-20 08:50:12', '2019-05-20 08:50:12', 4),
(21, '12', NULL, NULL, NULL, NULL, NULL, NULL, NULL, NULL, '2019-05-24 11:49:07', '2019-05-24 11:49:07', 1),
(22, '2', '45', NULL, NULL, NULL, NULL, NULL, NULL, NULL, '2019-07-30 07:38:39', '2019-07-30 07:38:39', 4),
(23, '12', '45', NULL, NULL, NULL, NULL, NULL, NULL, NULL, '2019-07-30 12:15:22', '2019-07-30 12:15:22', 2),
(24, '13', NULL, NULL, NULL, NULL, NULL, NULL, NULL, NULL, '2019-12-05 09:26:40', '2019-12-05 09:26:40', 1),
(25, '14', '34', NULL, '112', '102', NULL, NULL, NULL, NULL, '2019-12-06 07:46:12', '2019-12-06 07:47:17', 1),
(26, '4', NULL, NULL, NULL, NULL, NULL, NULL, NULL, NULL, '2019-12-06 08:20:20', '2019-12-06 08:20:20', 3),
(27, '6', NULL, NULL, NULL, NULL, NULL, NULL, NULL, NULL, '2019-12-06 10:53:22', '2019-12-06 10:53:22', 2),
(28, '6', NULL, NULL, NULL, NULL, NULL, NULL, NULL, NULL, '2019-12-06 10:53:22', '2019-12-06 10:53:22', 2),
(29, '12', '12', NULL, '128', NULL, NULL, '12', NULL, NULL, '2020-02-12 07:11:52', '2020-02-12 07:32:30', 3),
(30, '13', '23', NULL, '33', NULL, NULL, '12', NULL, NULL, '2020-02-12 07:12:45', '2020-02-12 07:12:45', 2),
(31, '1', '24', NULL, '12', '23', NULL, '122', NULL, NULL, '2020-02-13 10:49:07', '2020-02-13 10:50:47', 4),
(32, '2', '34', NULL, '44', '23', NULL, '44', NULL, NULL, '2020-02-18 16:41:48', '2020-02-18 16:42:07', 5),
(33, '1', NULL, NULL, NULL, NULL, NULL, NULL, NULL, NULL, '2020-03-12 08:01:06', '2020-03-12 08:01:06', 5),
(34, '1', '12', NULL, '12', NULL, NULL, '12', NULL, NULL, '2020-03-23 08:13:59', '2020-03-23 08:13:59', 6),
(35, '15', '23', NULL, '232', NULL, NULL, '3', NULL, NULL, '2020-03-23 10:30:37', '2020-03-23 10:30:37', 1),
(36, '16', '12', NULL, '12', NULL, NULL, '12', NULL, NULL, '2020-03-24 06:23:05', '2020-03-24 06:23:05', 1),
(37, '10', '12', NULL, '12', NULL, NULL, '12', NULL, NULL, '2020-03-24 08:46:41', '2020-03-24 08:46:41', 2),
(38, '10', '12', NULL, '12', NULL, NULL, '12', NULL, NULL, '2020-03-24 08:47:52', '2020-03-24 08:47:52', 3),
(39, '10', '2', NULL, '2', NULL, NULL, '2', NULL, NULL, '2020-03-24 08:50:35', '2020-03-24 08:50:35', 4),
(40, '3', NULL, NULL, NULL, NULL, NULL, NULL, NULL, NULL, '2020-03-24 09:13:17', '2020-03-24 09:13:17', 5),
(41, '3', NULL, NULL, NULL, NULL, NULL, NULL, NULL, NULL, '2020-03-24 09:13:40', '2020-03-24 09:13:40', 5),
(42, '14', '2323', '23', '23', '23', '23', '22', '23', NULL, '2020-03-24 10:38:31', '2020-03-24 10:38:31', 2),
(43, '10', '53', '155', '122/233', '31', NULL, '36', NULL, NULL, '2020-03-25 08:55:01', '2020-03-25 09:11:22', 5),
(44, '5', NULL, NULL, NULL, NULL, NULL, NULL, NULL, NULL, '2020-03-26 07:15:40', '2020-03-26 07:15:40', 2);

--
-- Indexes for dumped tables
--

--
-- Indexes for table `announcements`
--
ALTER TABLE `announcements`
  ADD PRIMARY KEY (`id`);

--
-- Indexes for table `announcement_targets`
--
ALTER TABLE `announcement_targets`
  ADD PRIMARY KEY (`id`);

--
-- Indexes for table `appointments`
--
ALTER TABLE `appointments`
  ADD PRIMARY KEY (`appointment_id`);

--
-- Indexes for table `appointment_letters`
--
ALTER TABLE `appointment_letters`
  ADD PRIMARY KEY (`id`);

--
-- Indexes for table `billings`
--
ALTER TABLE `billings`
  ADD PRIMARY KEY (`id`);

--
-- Indexes for table `billing_changes`
--
ALTER TABLE `billing_changes`
  ADD PRIMARY KEY (`id`);

--
-- Indexes for table `billing_lists`
--
ALTER TABLE `billing_lists`
  ADD PRIMARY KEY (`id`);

--
-- Indexes for table `billing_transactions`
--
ALTER TABLE `billing_transactions`
  ADD PRIMARY KEY (`id`);

--
-- Indexes for table `chief_complains`
--
ALTER TABLE `chief_complains`
  ADD PRIMARY KEY (`id`);

--
-- Indexes for table `comment_from_doctors`
--
ALTER TABLE `comment_from_doctors`
  ADD PRIMARY KEY (`id`);

--
-- Indexes for table `corporate_companies`
--
ALTER TABLE `corporate_companies`
  ADD PRIMARY KEY (`id`);

--
-- Indexes for table `corporate_company_patients`
--
ALTER TABLE `corporate_company_patients`
  ADD PRIMARY KEY (`id`);

--
-- Indexes for table `credits`
--
ALTER TABLE `credits`
  ADD PRIMARY KEY (`id`);

--
-- Indexes for table `diagnoses`
--
ALTER TABLE `diagnoses`
  ADD PRIMARY KEY (`id`);

--
-- Indexes for table `diagnosis`
--
ALTER TABLE `diagnosis`
  ADD PRIMARY KEY (`diagnosis_id`);

--
-- Indexes for table `diagnosis_records`
--
ALTER TABLE `diagnosis_records`
  ADD PRIMARY KEY (`id`);

--
-- Indexes for table `doctors`
--
ALTER TABLE `doctors`
  ADD PRIMARY KEY (`id`),
  ADD UNIQUE KEY `doctors_doc_id_unique` (`doc_id`),
  ADD UNIQUE KEY `doctors_email_unique` (`email`);

--
-- Indexes for table `employee_attendances`
--
ALTER TABLE `employee_attendances`
  ADD PRIMARY KEY (`id`);

--
-- Indexes for table `employee_files`
--
ALTER TABLE `employee_files`
  ADD PRIMARY KEY (`id`);

--
-- Indexes for table `employee_leaves`
--
ALTER TABLE `employee_leaves`
  ADD PRIMARY KEY (`id`);

--
-- Indexes for table `employee_perfomance_appraisals`
--
ALTER TABLE `employee_perfomance_appraisals`
  ADD PRIMARY KEY (`id`);

--
-- Indexes for table `equipment`
--
ALTER TABLE `equipment`
  ADD PRIMARY KEY (`id`);

--
-- Indexes for table `equipment_batches`
--
ALTER TABLE `equipment_batches`
  ADD PRIMARY KEY (`id`);

--
-- Indexes for table `equipment_records`
--
ALTER TABLE `equipment_records`
  ADD PRIMARY KEY (`id`);

--
-- Indexes for table `equipment_tests`
--
ALTER TABLE `equipment_tests`
  ADD PRIMARY KEY (`id`);

--
-- Indexes for table `examinations`
--
ALTER TABLE `examinations`
  ADD PRIMARY KEY (`id`);

--
-- Indexes for table `family_helps`
--
ALTER TABLE `family_helps`
  ADD PRIMARY KEY (`id`);

--
-- Indexes for table `fbp_results`
--
ALTER TABLE `fbp_results`
  ADD PRIMARY KEY (`id`);

--
-- Indexes for table `feature_settings`
--
ALTER TABLE `feature_settings`
  ADD PRIMARY KEY (`id`);

--
-- Indexes for table `follow_up_dates`
--
ALTER TABLE `follow_up_dates`
  ADD PRIMARY KEY (`id`);

--
-- Indexes for table `glove_requests`
--
ALTER TABLE `glove_requests`
  ADD PRIMARY KEY (`id`);

--
-- Indexes for table `histories`
--
ALTER TABLE `histories`
  ADD PRIMARY KEY (`id`);

--
-- Indexes for table `home_medicines`
--
ALTER TABLE `home_medicines`
  ADD PRIMARY KEY (`id`);

--
-- Indexes for table `insurance`
--
ALTER TABLE `insurance`
  ADD PRIMARY KEY (`id`),
  ADD KEY `insurance_patient_reg_no_foreign` (`patient_reg_no`);

--
-- Indexes for table `insurance_companies`
--
ALTER TABLE `insurance_companies`
  ADD PRIMARY KEY (`id`);

--
-- Indexes for table `insurance_company_disease_codes`
--
ALTER TABLE `insurance_company_disease_codes`
  ADD PRIMARY KEY (`id`);

--
-- Indexes for table `insurance_company_patients`
--
ALTER TABLE `insurance_company_patients`
  ADD PRIMARY KEY (`id`);

--
-- Indexes for table `inventory_records`
--
ALTER TABLE `inventory_records`
  ADD PRIMARY KEY (`id`);

--
-- Indexes for table `known_patient_ofs`
--
ALTER TABLE `known_patient_ofs`
  ADD PRIMARY KEY (`id`);

--
-- Indexes for table `laboratory`
--
ALTER TABLE `laboratory`
  ADD PRIMARY KEY (`lab_id`);

--
-- Indexes for table `lab_daily_que`
--
ALTER TABLE `lab_daily_que`
  ADD PRIMARY KEY (`lab_que_id`);

--
-- Indexes for table `lab_lists`
--
ALTER TABLE `lab_lists`
  ADD PRIMARY KEY (`id`);

--
-- Indexes for table `lab_queues`
--
ALTER TABLE `lab_queues`
  ADD PRIMARY KEY (`id`);

--
-- Indexes for table `lab_results`
--
ALTER TABLE `lab_results`
  ADD PRIMARY KEY (`id`);

--
-- Indexes for table `lab_tests`
--
ALTER TABLE `lab_tests`
  ADD PRIMARY KEY (`id`);

--
-- Indexes for table `lab_test_records`
--
ALTER TABLE `lab_test_records`
  ADD PRIMARY KEY (`id`);

--
-- Indexes for table `l_p_os`
--
ALTER TABLE `l_p_os`
  ADD PRIMARY KEY (`id`);

--
-- Indexes for table `l_p_o_items`
--
ALTER TABLE `l_p_o_items`
  ADD PRIMARY KEY (`id`);

--
-- Indexes for table `medicines`
--
ALTER TABLE `medicines`
  ADD PRIMARY KEY (`id`);

--
-- Indexes for table `medicine_category`
--
ALTER TABLE `medicine_category`
  ADD PRIMARY KEY (`id`);

--
-- Indexes for table `medicine_records`
--
ALTER TABLE `medicine_records`
  ADD PRIMARY KEY (`id`);

--
-- Indexes for table `medicine_stock_batches`
--
ALTER TABLE `medicine_stock_batches`
  ADD PRIMARY KEY (`id`);

--
-- Indexes for table `medicine_stock_batch_medicine_stock_uses`
--
ALTER TABLE `medicine_stock_batch_medicine_stock_uses`
  ADD PRIMARY KEY (`id`);

--
-- Indexes for table `medicine_stock_uses`
--
ALTER TABLE `medicine_stock_uses`
  ADD PRIMARY KEY (`id`);

--
-- Indexes for table `medicine_units`
--
ALTER TABLE `medicine_units`
  ADD PRIMARY KEY (`id`);

--
-- Indexes for table `meeting_minutes`
--
ALTER TABLE `meeting_minutes`
  ADD PRIMARY KEY (`id`);

--
-- Indexes for table `migrations`
--
ALTER TABLE `migrations`
  ADD PRIMARY KEY (`id`);

--
-- Indexes for table `note_from_doctors`
--
ALTER TABLE `note_from_doctors`
  ADD PRIMARY KEY (`id`);

--
-- Indexes for table `note_from_laboratories`
--
ALTER TABLE `note_from_laboratories`
  ADD PRIMARY KEY (`id`);

--
-- Indexes for table `organisation_structures`
--
ALTER TABLE `organisation_structures`
  ADD PRIMARY KEY (`id`);

--
-- Indexes for table `organisation_structure_targets`
--
ALTER TABLE `organisation_structure_targets`
  ADD PRIMARY KEY (`id`);

--
-- Indexes for table `password_resets`
--
ALTER TABLE `password_resets`
  ADD KEY `password_resets_email_index` (`email`);

--
-- Indexes for table `patients`
--
ALTER TABLE `patients`
  ADD PRIMARY KEY (`id`),
  ADD UNIQUE KEY `patients_reg_no_unique` (`reg_no`);

--
-- Indexes for table `patient_daily_que`
--
ALTER TABLE `patient_daily_que`
  ADD PRIMARY KEY (`patient_que_id`);

--
-- Indexes for table `patient_queue_temporaries`
--
ALTER TABLE `patient_queue_temporaries`
  ADD PRIMARY KEY (`id`);

--
-- Indexes for table `patient_types`
--
ALTER TABLE `patient_types`
  ADD PRIMARY KEY (`id`);

--
-- Indexes for table `patient_visits`
--
ALTER TABLE `patient_visits`
  ADD PRIMARY KEY (`id`);

--
-- Indexes for table `payments`
--
ALTER TABLE `payments`
  ADD PRIMARY KEY (`id`);

--
-- Indexes for table `payment_modes`
--
ALTER TABLE `payment_modes`
  ADD PRIMARY KEY (`payment_mode_id`);

--
-- Indexes for table `payrolls`
--
ALTER TABLE `payrolls`
  ADD PRIMARY KEY (`id`);

--
-- Indexes for table `payroll_items`
--
ALTER TABLE `payroll_items`
  ADD PRIMARY KEY (`id`);

--
-- Indexes for table `payroll_item_additions`
--
ALTER TABLE `payroll_item_additions`
  ADD PRIMARY KEY (`id`);

--
-- Indexes for table `payroll_item_deductions`
--
ALTER TABLE `payroll_item_deductions`
  ADD PRIMARY KEY (`id`);

--
-- Indexes for table `pharmacy_lists`
--
ALTER TABLE `pharmacy_lists`
  ADD PRIMARY KEY (`id`);

--
-- Indexes for table `prescriptions`
--
ALTER TABLE `prescriptions`
  ADD PRIMARY KEY (`prescription_id`),
  ADD KEY `prescriptions_doc_id_foreign` (`doc_id`),
  ADD KEY `prescriptions_patient_reg_no_foreign` (`patient_reg_no`);

--
-- Indexes for table `quality_control_members`
--
ALTER TABLE `quality_control_members`
  ADD PRIMARY KEY (`id`);

--
-- Indexes for table `request_equipments`
--
ALTER TABLE `request_equipments`
  ADD PRIMARY KEY (`id`);

--
-- Indexes for table `roles`
--
ALTER TABLE `roles`
  ADD PRIMARY KEY (`id`);

--
-- Indexes for table `role_user`
--
ALTER TABLE `role_user`
  ADD PRIMARY KEY (`id`);

--
-- Indexes for table `rooms`
--
ALTER TABLE `rooms`
  ADD PRIMARY KEY (`id`);

--
-- Indexes for table `schedules`
--
ALTER TABLE `schedules`
  ADD PRIMARY KEY (`id`);

--
-- Indexes for table `services`
--
ALTER TABLE `services`
  ADD PRIMARY KEY (`id`);

--
-- Indexes for table `service_modes`
--
ALTER TABLE `service_modes`
  ADD PRIMARY KEY (`id`);

--
-- Indexes for table `settings`
--
ALTER TABLE `settings`
  ADD PRIMARY KEY (`id`);

--
-- Indexes for table `standard_operating_procedures`
--
ALTER TABLE `standard_operating_procedures`
  ADD PRIMARY KEY (`id`);

--
-- Indexes for table `stool_results`
--
ALTER TABLE `stool_results`
  ADD PRIMARY KEY (`id`);

--
-- Indexes for table `suppler_payments`
--
ALTER TABLE `suppler_payments`
  ADD PRIMARY KEY (`id`);

--
-- Indexes for table `suppliers`
--
ALTER TABLE `suppliers`
  ADD PRIMARY KEY (`id`);

--
-- Indexes for table `supplier_equipments`
--
ALTER TABLE `supplier_equipments`
  ADD PRIMARY KEY (`id`);

--
-- Indexes for table `supplier_medicines`
--
ALTER TABLE `supplier_medicines`
  ADD PRIMARY KEY (`id`);

--
-- Indexes for table `supplier_payments`
--
ALTER TABLE `supplier_payments`
  ADD PRIMARY KEY (`id`);

--
-- Indexes for table `symptoms`
--
ALTER TABLE `symptoms`
  ADD PRIMARY KEY (`id`);

--
-- Indexes for table `symptom_records`
--
ALTER TABLE `symptom_records`
  ADD PRIMARY KEY (`id`);

--
-- Indexes for table `units`
--
ALTER TABLE `units`
  ADD PRIMARY KEY (`id`);

--
-- Indexes for table `urinal_results`
--
ALTER TABLE `urinal_results`
  ADD PRIMARY KEY (`id`);

--
-- Indexes for table `users`
--
ALTER TABLE `users`
  ADD PRIMARY KEY (`id`),
  ADD UNIQUE KEY `users_email_unique` (`email`);

--
-- Indexes for table `vitals`
--
ALTER TABLE `vitals`
  ADD PRIMARY KEY (`id`),
  ADD KEY `vitals_patient_reg_no_foreign` (`patient_reg_no`);

--
-- AUTO_INCREMENT for dumped tables
--

--
-- AUTO_INCREMENT for table `announcements`
--
ALTER TABLE `announcements`
  MODIFY `id` int(10) UNSIGNED NOT NULL AUTO_INCREMENT, AUTO_INCREMENT=10;
--
-- AUTO_INCREMENT for table `announcement_targets`
--
ALTER TABLE `announcement_targets`
  MODIFY `id` int(10) UNSIGNED NOT NULL AUTO_INCREMENT, AUTO_INCREMENT=26;
--
-- AUTO_INCREMENT for table `appointments`
--
ALTER TABLE `appointments`
  MODIFY `appointment_id` int(10) UNSIGNED NOT NULL AUTO_INCREMENT;
--
-- AUTO_INCREMENT for table `appointment_letters`
--
ALTER TABLE `appointment_letters`
  MODIFY `id` int(10) UNSIGNED NOT NULL AUTO_INCREMENT, AUTO_INCREMENT=2;
--
-- AUTO_INCREMENT for table `billings`
--
ALTER TABLE `billings`
  MODIFY `id` int(10) UNSIGNED NOT NULL AUTO_INCREMENT, AUTO_INCREMENT=108;
--
-- AUTO_INCREMENT for table `billing_changes`
--
ALTER TABLE `billing_changes`
  MODIFY `id` int(10) UNSIGNED NOT NULL AUTO_INCREMENT, AUTO_INCREMENT=101;
--
-- AUTO_INCREMENT for table `billing_lists`
--
ALTER TABLE `billing_lists`
  MODIFY `id` int(10) UNSIGNED NOT NULL AUTO_INCREMENT, AUTO_INCREMENT=102;
--
-- AUTO_INCREMENT for table `billing_transactions`
--
ALTER TABLE `billing_transactions`
  MODIFY `id` int(10) UNSIGNED NOT NULL AUTO_INCREMENT, AUTO_INCREMENT=107;
--
-- AUTO_INCREMENT for table `chief_complains`
--
ALTER TABLE `chief_complains`
  MODIFY `id` int(10) UNSIGNED NOT NULL AUTO_INCREMENT;
--
-- AUTO_INCREMENT for table `comment_from_doctors`
--
ALTER TABLE `comment_from_doctors`
  MODIFY `id` int(10) UNSIGNED NOT NULL AUTO_INCREMENT, AUTO_INCREMENT=22;
--
-- AUTO_INCREMENT for table `corporate_companies`
--
ALTER TABLE `corporate_companies`
  MODIFY `id` int(10) UNSIGNED NOT NULL AUTO_INCREMENT, AUTO_INCREMENT=4;
--
-- AUTO_INCREMENT for table `corporate_company_patients`
--
ALTER TABLE `corporate_company_patients`
  MODIFY `id` int(10) UNSIGNED NOT NULL AUTO_INCREMENT;
--
-- AUTO_INCREMENT for table `credits`
--
ALTER TABLE `credits`
  MODIFY `id` int(10) UNSIGNED NOT NULL AUTO_INCREMENT, AUTO_INCREMENT=7;
--
-- AUTO_INCREMENT for table `diagnoses`
--
ALTER TABLE `diagnoses`
  MODIFY `id` int(10) UNSIGNED NOT NULL AUTO_INCREMENT, AUTO_INCREMENT=90;
--
-- AUTO_INCREMENT for table `diagnosis`
--
ALTER TABLE `diagnosis`
  MODIFY `diagnosis_id` int(10) UNSIGNED NOT NULL AUTO_INCREMENT;
--
-- AUTO_INCREMENT for table `diagnosis_records`
--
ALTER TABLE `diagnosis_records`
  MODIFY `id` int(10) UNSIGNED NOT NULL AUTO_INCREMENT, AUTO_INCREMENT=14;
--
-- AUTO_INCREMENT for table `doctors`
--
ALTER TABLE `doctors`
  MODIFY `id` int(10) UNSIGNED NOT NULL AUTO_INCREMENT;
--
-- AUTO_INCREMENT for table `employee_attendances`
--
ALTER TABLE `employee_attendances`
  MODIFY `id` int(10) UNSIGNED NOT NULL AUTO_INCREMENT, AUTO_INCREMENT=63;
--
-- AUTO_INCREMENT for table `employee_files`
--
ALTER TABLE `employee_files`
  MODIFY `id` int(10) UNSIGNED NOT NULL AUTO_INCREMENT, AUTO_INCREMENT=4;
--
-- AUTO_INCREMENT for table `employee_leaves`
--
ALTER TABLE `employee_leaves`
  MODIFY `id` int(10) UNSIGNED NOT NULL AUTO_INCREMENT, AUTO_INCREMENT=3;
--
-- AUTO_INCREMENT for table `employee_perfomance_appraisals`
--
ALTER TABLE `employee_perfomance_appraisals`
  MODIFY `id` int(10) UNSIGNED NOT NULL AUTO_INCREMENT;
--
-- AUTO_INCREMENT for table `equipment`
--
ALTER TABLE `equipment`
  MODIFY `id` int(10) UNSIGNED NOT NULL AUTO_INCREMENT, AUTO_INCREMENT=3;
--
-- AUTO_INCREMENT for table `equipment_batches`
--
ALTER TABLE `equipment_batches`
  MODIFY `id` int(10) UNSIGNED NOT NULL AUTO_INCREMENT, AUTO_INCREMENT=2;
--
-- AUTO_INCREMENT for table `equipment_records`
--
ALTER TABLE `equipment_records`
  MODIFY `id` int(10) UNSIGNED NOT NULL AUTO_INCREMENT;
--
-- AUTO_INCREMENT for table `equipment_tests`
--
ALTER TABLE `equipment_tests`
  MODIFY `id` int(10) UNSIGNED NOT NULL AUTO_INCREMENT;
--
-- AUTO_INCREMENT for table `examinations`
--
ALTER TABLE `examinations`
  MODIFY `id` int(10) UNSIGNED NOT NULL AUTO_INCREMENT, AUTO_INCREMENT=25;
--
-- AUTO_INCREMENT for table `family_helps`
--
ALTER TABLE `family_helps`
  MODIFY `id` int(10) UNSIGNED NOT NULL AUTO_INCREMENT, AUTO_INCREMENT=9;
--
-- AUTO_INCREMENT for table `fbp_results`
--
ALTER TABLE `fbp_results`
  MODIFY `id` int(10) UNSIGNED NOT NULL AUTO_INCREMENT, AUTO_INCREMENT=25;
--
-- AUTO_INCREMENT for table `feature_settings`
--
ALTER TABLE `feature_settings`
  MODIFY `id` int(10) UNSIGNED NOT NULL AUTO_INCREMENT;
--
-- AUTO_INCREMENT for table `follow_up_dates`
--
ALTER TABLE `follow_up_dates`
  MODIFY `id` int(10) UNSIGNED NOT NULL AUTO_INCREMENT, AUTO_INCREMENT=22;
--
-- AUTO_INCREMENT for table `glove_requests`
--
ALTER TABLE `glove_requests`
  MODIFY `id` int(10) UNSIGNED NOT NULL AUTO_INCREMENT, AUTO_INCREMENT=4;
--
-- AUTO_INCREMENT for table `histories`
--
ALTER TABLE `histories`
  MODIFY `id` int(10) UNSIGNED NOT NULL AUTO_INCREMENT, AUTO_INCREMENT=25;
--
-- AUTO_INCREMENT for table `home_medicines`
--
ALTER TABLE `home_medicines`
  MODIFY `id` int(10) UNSIGNED NOT NULL AUTO_INCREMENT, AUTO_INCREMENT=25;
--
-- AUTO_INCREMENT for table `insurance`
--
ALTER TABLE `insurance`
  MODIFY `id` int(10) UNSIGNED NOT NULL AUTO_INCREMENT;
--
-- AUTO_INCREMENT for table `insurance_companies`
--
ALTER TABLE `insurance_companies`
  MODIFY `id` int(10) UNSIGNED NOT NULL AUTO_INCREMENT, AUTO_INCREMENT=4;
--
-- AUTO_INCREMENT for table `insurance_company_disease_codes`
--
ALTER TABLE `insurance_company_disease_codes`
  MODIFY `id` int(10) UNSIGNED NOT NULL AUTO_INCREMENT;
--
-- AUTO_INCREMENT for table `insurance_company_patients`
--
ALTER TABLE `insurance_company_patients`
  MODIFY `id` int(10) UNSIGNED NOT NULL AUTO_INCREMENT;
--
-- AUTO_INCREMENT for table `inventory_records`
--
ALTER TABLE `inventory_records`
  MODIFY `id` int(10) UNSIGNED NOT NULL AUTO_INCREMENT, AUTO_INCREMENT=7;
--
-- AUTO_INCREMENT for table `known_patient_ofs`
--
ALTER TABLE `known_patient_ofs`
  MODIFY `id` int(10) UNSIGNED NOT NULL AUTO_INCREMENT, AUTO_INCREMENT=12;
--
-- AUTO_INCREMENT for table `laboratory`
--
ALTER TABLE `laboratory`
  MODIFY `lab_id` int(10) UNSIGNED NOT NULL AUTO_INCREMENT;
--
-- AUTO_INCREMENT for table `lab_daily_que`
--
ALTER TABLE `lab_daily_que`
  MODIFY `lab_que_id` int(10) UNSIGNED NOT NULL AUTO_INCREMENT;
--
-- AUTO_INCREMENT for table `lab_lists`
--
ALTER TABLE `lab_lists`
  MODIFY `id` int(10) UNSIGNED NOT NULL AUTO_INCREMENT;
--
-- AUTO_INCREMENT for table `lab_queues`
--
ALTER TABLE `lab_queues`
  MODIFY `id` int(10) UNSIGNED NOT NULL AUTO_INCREMENT;
--
-- AUTO_INCREMENT for table `lab_results`
--
ALTER TABLE `lab_results`
  MODIFY `id` int(10) UNSIGNED NOT NULL AUTO_INCREMENT;
--
-- AUTO_INCREMENT for table `lab_tests`
--
ALTER TABLE `lab_tests`
  MODIFY `id` int(10) UNSIGNED NOT NULL AUTO_INCREMENT, AUTO_INCREMENT=5;
--
-- AUTO_INCREMENT for table `lab_test_records`
--
ALTER TABLE `lab_test_records`
  MODIFY `id` int(10) UNSIGNED NOT NULL AUTO_INCREMENT, AUTO_INCREMENT=65;
--
-- AUTO_INCREMENT for table `l_p_os`
--
ALTER TABLE `l_p_os`
  MODIFY `id` int(10) UNSIGNED NOT NULL AUTO_INCREMENT, AUTO_INCREMENT=18;
--
-- AUTO_INCREMENT for table `l_p_o_items`
--
ALTER TABLE `l_p_o_items`
  MODIFY `id` int(10) UNSIGNED NOT NULL AUTO_INCREMENT, AUTO_INCREMENT=21;
--
-- AUTO_INCREMENT for table `medicines`
--
ALTER TABLE `medicines`
  MODIFY `id` int(10) UNSIGNED NOT NULL AUTO_INCREMENT, AUTO_INCREMENT=3;
--
-- AUTO_INCREMENT for table `medicine_category`
--
ALTER TABLE `medicine_category`
  MODIFY `id` int(10) UNSIGNED NOT NULL AUTO_INCREMENT, AUTO_INCREMENT=5;
--
-- AUTO_INCREMENT for table `medicine_records`
--
ALTER TABLE `medicine_records`
  MODIFY `id` int(10) UNSIGNED NOT NULL AUTO_INCREMENT, AUTO_INCREMENT=65;
--
-- AUTO_INCREMENT for table `medicine_stock_batches`
--
ALTER TABLE `medicine_stock_batches`
  MODIFY `id` int(10) UNSIGNED NOT NULL AUTO_INCREMENT, AUTO_INCREMENT=4;
--
-- AUTO_INCREMENT for table `medicine_stock_batch_medicine_stock_uses`
--
ALTER TABLE `medicine_stock_batch_medicine_stock_uses`
  MODIFY `id` int(10) UNSIGNED NOT NULL AUTO_INCREMENT, AUTO_INCREMENT=19;
--
-- AUTO_INCREMENT for table `medicine_stock_uses`
--
ALTER TABLE `medicine_stock_uses`
  MODIFY `id` int(10) UNSIGNED NOT NULL AUTO_INCREMENT, AUTO_INCREMENT=19;
--
-- AUTO_INCREMENT for table `medicine_units`
--
ALTER TABLE `medicine_units`
  MODIFY `id` int(10) UNSIGNED NOT NULL AUTO_INCREMENT, AUTO_INCREMENT=11;
--
-- AUTO_INCREMENT for table `meeting_minutes`
--
ALTER TABLE `meeting_minutes`
  MODIFY `id` int(10) UNSIGNED NOT NULL AUTO_INCREMENT, AUTO_INCREMENT=5;
--
-- AUTO_INCREMENT for table `migrations`
--
ALTER TABLE `migrations`
  MODIFY `id` int(10) UNSIGNED NOT NULL AUTO_INCREMENT, AUTO_INCREMENT=565;
--
-- AUTO_INCREMENT for table `note_from_doctors`
--
ALTER TABLE `note_from_doctors`
  MODIFY `id` int(10) UNSIGNED NOT NULL AUTO_INCREMENT, AUTO_INCREMENT=20;
--
-- AUTO_INCREMENT for table `note_from_laboratories`
--
ALTER TABLE `note_from_laboratories`
  MODIFY `id` int(10) UNSIGNED NOT NULL AUTO_INCREMENT, AUTO_INCREMENT=20;
--
-- AUTO_INCREMENT for table `organisation_structures`
--
ALTER TABLE `organisation_structures`
  MODIFY `id` int(10) UNSIGNED NOT NULL AUTO_INCREMENT, AUTO_INCREMENT=5;
--
-- AUTO_INCREMENT for table `organisation_structure_targets`
--
ALTER TABLE `organisation_structure_targets`
  MODIFY `id` int(10) UNSIGNED NOT NULL AUTO_INCREMENT;
--
-- AUTO_INCREMENT for table `patients`
--
ALTER TABLE `patients`
  MODIFY `id` int(10) UNSIGNED NOT NULL AUTO_INCREMENT, AUTO_INCREMENT=18;
--
-- AUTO_INCREMENT for table `patient_daily_que`
--
ALTER TABLE `patient_daily_que`
  MODIFY `patient_que_id` int(10) UNSIGNED NOT NULL AUTO_INCREMENT;
--
-- AUTO_INCREMENT for table `patient_queue_temporaries`
--
ALTER TABLE `patient_queue_temporaries`
  MODIFY `id` int(10) UNSIGNED NOT NULL AUTO_INCREMENT, AUTO_INCREMENT=58;
--
-- AUTO_INCREMENT for table `patient_types`
--
ALTER TABLE `patient_types`
  MODIFY `id` int(10) UNSIGNED NOT NULL AUTO_INCREMENT, AUTO_INCREMENT=4;
--
-- AUTO_INCREMENT for table `patient_visits`
--
ALTER TABLE `patient_visits`
  MODIFY `id` int(10) UNSIGNED NOT NULL AUTO_INCREMENT, AUTO_INCREMENT=57;
--
-- AUTO_INCREMENT for table `payments`
--
ALTER TABLE `payments`
  MODIFY `id` int(10) UNSIGNED NOT NULL AUTO_INCREMENT, AUTO_INCREMENT=6;
--
-- AUTO_INCREMENT for table `payment_modes`
--
ALTER TABLE `payment_modes`
  MODIFY `payment_mode_id` int(10) UNSIGNED NOT NULL AUTO_INCREMENT;
--
-- AUTO_INCREMENT for table `payrolls`
--
ALTER TABLE `payrolls`
  MODIFY `id` int(10) UNSIGNED NOT NULL AUTO_INCREMENT, AUTO_INCREMENT=3;
--
-- AUTO_INCREMENT for table `payroll_items`
--
ALTER TABLE `payroll_items`
  MODIFY `id` int(10) UNSIGNED NOT NULL AUTO_INCREMENT, AUTO_INCREMENT=15;
--
-- AUTO_INCREMENT for table `payroll_item_additions`
--
ALTER TABLE `payroll_item_additions`
  MODIFY `id` int(10) UNSIGNED NOT NULL AUTO_INCREMENT;
--
-- AUTO_INCREMENT for table `payroll_item_deductions`
--
ALTER TABLE `payroll_item_deductions`
  MODIFY `id` int(10) UNSIGNED NOT NULL AUTO_INCREMENT;
--
-- AUTO_INCREMENT for table `pharmacy_lists`
--
ALTER TABLE `pharmacy_lists`
  MODIFY `id` int(10) UNSIGNED NOT NULL AUTO_INCREMENT;
--
-- AUTO_INCREMENT for table `prescriptions`
--
ALTER TABLE `prescriptions`
  MODIFY `prescription_id` int(10) UNSIGNED NOT NULL AUTO_INCREMENT;
--
-- AUTO_INCREMENT for table `quality_control_members`
--
ALTER TABLE `quality_control_members`
  MODIFY `id` int(10) UNSIGNED NOT NULL AUTO_INCREMENT, AUTO_INCREMENT=5;
--
-- AUTO_INCREMENT for table `request_equipments`
--
ALTER TABLE `request_equipments`
  MODIFY `id` int(10) UNSIGNED NOT NULL AUTO_INCREMENT, AUTO_INCREMENT=6;
--
-- AUTO_INCREMENT for table `roles`
--
ALTER TABLE `roles`
  MODIFY `id` int(10) UNSIGNED NOT NULL AUTO_INCREMENT, AUTO_INCREMENT=9;
--
-- AUTO_INCREMENT for table `role_user`
--
ALTER TABLE `role_user`
  MODIFY `id` int(10) UNSIGNED NOT NULL AUTO_INCREMENT, AUTO_INCREMENT=15;
--
-- AUTO_INCREMENT for table `rooms`
--
ALTER TABLE `rooms`
  MODIFY `id` int(10) UNSIGNED NOT NULL AUTO_INCREMENT, AUTO_INCREMENT=3;
--
-- AUTO_INCREMENT for table `schedules`
--
ALTER TABLE `schedules`
  MODIFY `id` int(10) UNSIGNED NOT NULL AUTO_INCREMENT, AUTO_INCREMENT=2;
--
-- AUTO_INCREMENT for table `services`
--
ALTER TABLE `services`
  MODIFY `id` int(10) UNSIGNED NOT NULL AUTO_INCREMENT, AUTO_INCREMENT=6;
--
-- AUTO_INCREMENT for table `service_modes`
--
ALTER TABLE `service_modes`
  MODIFY `id` int(10) UNSIGNED NOT NULL AUTO_INCREMENT, AUTO_INCREMENT=6;
--
-- AUTO_INCREMENT for table `settings`
--
ALTER TABLE `settings`
  MODIFY `id` int(10) UNSIGNED NOT NULL AUTO_INCREMENT, AUTO_INCREMENT=5;
--
-- AUTO_INCREMENT for table `standard_operating_procedures`
--
ALTER TABLE `standard_operating_procedures`
  MODIFY `id` int(10) UNSIGNED NOT NULL AUTO_INCREMENT, AUTO_INCREMENT=2;
--
-- AUTO_INCREMENT for table `stool_results`
--
ALTER TABLE `stool_results`
  MODIFY `id` int(10) UNSIGNED NOT NULL AUTO_INCREMENT, AUTO_INCREMENT=13;
--
-- AUTO_INCREMENT for table `suppler_payments`
--
ALTER TABLE `suppler_payments`
  MODIFY `id` int(10) UNSIGNED NOT NULL AUTO_INCREMENT;
--
-- AUTO_INCREMENT for table `suppliers`
--
ALTER TABLE `suppliers`
  MODIFY `id` int(10) UNSIGNED NOT NULL AUTO_INCREMENT, AUTO_INCREMENT=9;
--
-- AUTO_INCREMENT for table `supplier_equipments`
--
ALTER TABLE `supplier_equipments`
  MODIFY `id` int(10) UNSIGNED NOT NULL AUTO_INCREMENT, AUTO_INCREMENT=5;
--
-- AUTO_INCREMENT for table `supplier_medicines`
--
ALTER TABLE `supplier_medicines`
  MODIFY `id` int(10) UNSIGNED NOT NULL AUTO_INCREMENT, AUTO_INCREMENT=23;
--
-- AUTO_INCREMENT for table `supplier_payments`
--
ALTER TABLE `supplier_payments`
  MODIFY `id` int(10) UNSIGNED NOT NULL AUTO_INCREMENT, AUTO_INCREMENT=2;
--
-- AUTO_INCREMENT for table `symptoms`
--
ALTER TABLE `symptoms`
  MODIFY `id` int(10) UNSIGNED NOT NULL AUTO_INCREMENT, AUTO_INCREMENT=5;
--
-- AUTO_INCREMENT for table `symptom_records`
--
ALTER TABLE `symptom_records`
  MODIFY `id` int(10) UNSIGNED NOT NULL AUTO_INCREMENT, AUTO_INCREMENT=32;
--
-- AUTO_INCREMENT for table `units`
--
ALTER TABLE `units`
  MODIFY `id` int(10) UNSIGNED NOT NULL AUTO_INCREMENT, AUTO_INCREMENT=2;
--
-- AUTO_INCREMENT for table `urinal_results`
--
ALTER TABLE `urinal_results`
  MODIFY `id` int(10) UNSIGNED NOT NULL AUTO_INCREMENT, AUTO_INCREMENT=26;
--
-- AUTO_INCREMENT for table `users`
--
ALTER TABLE `users`
  MODIFY `id` int(10) UNSIGNED NOT NULL AUTO_INCREMENT, AUTO_INCREMENT=13;
--
-- AUTO_INCREMENT for table `vitals`
--
ALTER TABLE `vitals`
  MODIFY `id` int(10) UNSIGNED NOT NULL AUTO_INCREMENT, AUTO_INCREMENT=45;
/*!40101 SET CHARACTER_SET_CLIENT=@OLD_CHARACTER_SET_CLIENT */;
/*!40101 SET CHARACTER_SET_RESULTS=@OLD_CHARACTER_SET_RESULTS */;
/*!40101 SET COLLATION_CONNECTION=@OLD_COLLATION_CONNECTION */;
